[0.000000] (-) TimerEvent: {}
[0.000183] (my_robot_interfaces) JobQueued: {'identifier': 'my_robot_interfaces', 'dependencies': OrderedDict()}
[0.000678] (my_robot_interfaces) JobStarted: {'identifier': 'my_robot_interfaces'}
[0.008784] (my_robot_interfaces) JobProgress: {'identifier': 'my_robot_interfaces', 'progress': 'cmake'}
[0.009105] (my_robot_interfaces) Command: {'cmd': ['/usr/bin/cmake', '/home/thanhtd71/ros2_ws/src/my_robot_interfaces', '-DCMAKE_INSTALL_PREFIX=/home/thanhtd71/ros2_ws/src/my_robot_interfaces/install/my_robot_interfaces'], 'cwd': '/home/thanhtd71/ros2_ws/src/my_robot_interfaces/build/my_robot_interfaces', 'env': OrderedDict({'GJS_DEBUG_TOPICS': 'JS ERROR;JS LOG', 'XDG_ACTIVATION_TOKEN': 'gnome-shell/Terminator/2992-2-thanhtd71-IdeaPad-Slim-3-14IRH10_TIME4367541', 'LESSOPEN': '| /usr/bin/lesspipe %s', 'GZ_SIM_RESOURCE_PATH': '/opt/ros/jazzy/share', 'USER': 'thanhtd71', 'GZ_CONFIG_PATH': '/opt/ros/jazzy/opt/gz_sim_vendor/share/gz:/opt/ros/jazzy/opt/sdformat_vendor/share/gz:/opt/ros/jazzy/opt/gz_gui_vendor/share/gz:/opt/ros/jazzy/opt/gz_transport_vendor/share/gz:/opt/ros/jazzy/opt/gz_rendering_vendor/share/gz:/opt/ros/jazzy/opt/gz_plugin_vendor/share/gz:/opt/ros/jazzy/opt/gz_fuel_tools_vendor/share/gz:/opt/ros/jazzy/opt/gz_msgs_vendor/share/gz:/opt/ros/jazzy/opt/gz_common_vendor/share/gz', 'XDG_SESSION_TYPE': 'x11', 'CLUTTER_DISABLE_MIPMAPPED_TEXT': '1', 'SHLVL': '1', 'LD_LIBRARY_PATH': '/home/thanhtd71/ros2_ws/install/px4_msgs/lib:/home/thanhtd71/ros2_ws/install/my_robot_interfaces/lib:/home/thanhtd71/ros2_ws/install/microxrcedds_agent/lib:/opt/ros/jazzy/opt/gz_sim_vendor/lib:/opt/ros/jazzy/opt/gz_sensors_vendor/lib:/opt/ros/jazzy/opt/gz_physics_vendor/lib:/opt/ros/jazzy/opt/sdformat_vendor/lib:/opt/ros/jazzy/opt/rviz_ogre_vendor/lib:/opt/ros/jazzy/lib/x86_64-linux-gnu:/opt/ros/jazzy/opt/gz_gui_vendor/lib:/opt/ros/jazzy/opt/gz_transport_vendor/lib:/opt/ros/jazzy/opt/gz_rendering_vendor/lib:/opt/ros/jazzy/opt/gz_plugin_vendor/lib:/opt/ros/jazzy/opt/gz_fuel_tools_vendor/lib:/opt/ros/jazzy/opt/gz_msgs_vendor/lib:/opt/ros/jazzy/opt/gz_common_vendor/lib:/opt/ros/jazzy/opt/gz_math_vendor/lib:/opt/ros/jazzy/opt/gz_utils_vendor/lib:/opt/ros/jazzy/opt/gz_tools_vendor/lib:/opt/ros/jazzy/opt/gz_ogre_next_vendor/lib:/opt/ros/jazzy/opt/gz_dartsim_vendor/lib:/opt/ros/jazzy/opt/gz_cmake_vendor/lib:/opt/ros/jazzy/lib', 'HOME': '/home/thanhtd71', 'CONDA_SHLVL': '0', 'OLDPWD': '/home/thanhtd71/ros2_ws/src/my_robot_interfaces/action', 'DESKTOP_SESSION': 'ubuntu-xorg', 'NVM_BIN': '/home/thanhtd71/.nvm/versions/node/v24.19.0/bin', 'NVM_INC': '/home/thanhtd71/.nvm/versions/node/v24.19.0/include/node', 'GIO_LAUNCHED_DESKTOP_FILE': '/usr/share/applications/terminator.desktop', 'ROS_PYTHON_VERSION': '3', 'GNOME_SHELL_SESSION_MODE': 'ubuntu', 'GTK_MODULES': 'gail:atk-bridge', 'MANAGERPID': '2559', 'SYSTEMD_EXEC_PID': '2992', 'GSM_SKIP_SSH_AGENT_WORKAROUND': 'true', 'DBUS_SESSION_BUS_ADDRESS': 'unix:path=/run/user/1000/bus', 'COLORTERM': 'truecolor', '_CE_M': '', 'TERMINATOR_DBUS_NAME': 'net.tenshu.Terminator21a9d5db22c73a993ff0b42f64b396873', '_CONDA_ROOT': '/home/thanhtd71/miniconda3', 'GIO_LAUNCHED_DESKTOP_FILE_PID': '67583', 'NVM_DIR': '/home/thanhtd71/.nvm', 'DEBUGINFOD_URLS': 'https://debuginfod.ubuntu.com', 'COLCON_PREFIX_PATH': '/home/thanhtd71/ros2_ws/install', 'ROS_DISTRO': 'jazzy', 'LOGNAME': 'thanhtd71', 'JOURNAL_STREAM': '10:27088', '_': '/usr/bin/colcon', 'ROS_VERSION': '2', 'MEMORY_PRESSURE_WATCH': '/sys/fs/cgroup/user.slice/user-1000.slice/user@1000.service/session.slice/org.gnome.Shell@x11.service/memory.pressure', 'XDG_SESSION_CLASS': 'user', 'USERNAME': 'thanhtd71', 'TERM': 'xterm-256color', 'GNOME_DESKTOP_SESSION_ID': 'this-is-deprecated', '_CE_CONDA': '', 'WINDOWPATH': '2', 'PATH': '/home/thanhtd71/miniconda3/condabin:/home/thanhtd71/.nvm/versions/node/v24.19.0/bin:/home/thanhtd71/.local/bin:/home/thanhtd71/ros2_ws/install/microxrcedds_agent/bin:/opt/ros/jazzy/opt/gz_msgs_vendor/bin:/opt/ros/jazzy/opt/gz_tools_vendor/bin:/opt/ros/jazzy/opt/gz_ogre_next_vendor/bin:/opt/ros/jazzy/bin:/home/thanhtd71/.local/bin:/usr/local/sbin:/usr/local/bin:/usr/sbin:/usr/bin:/sbin:/bin:/usr/games:/usr/local/games:/snap/bin:/snap/bin:/opt/xtensa-esp-elf/bin/', 'SESSION_MANAGER': 'local/thanhtd71-IdeaPad-Slim-3-14IRH10:@/tmp/.ICE-unix/2950,unix/thanhtd71-IdeaPad-Slim-3-14IRH10:/tmp/.ICE-unix/2950', 'INVOCATION_ID': 'ea246a10d004432a91ca6b98beb2c808', 'XDG_MENU_PREFIX': 'gnome-', 'XDG_RUNTIME_DIR': '/run/user/1000', 'DISPLAY': ':0', 'TERMINATOR_DBUS_PATH': '/net/tenshu/Terminator2', 'LANG': 'en_US.UTF-8', 'XDG_CURRENT_DESKTOP': 'ubuntu:GNOME', 'XMODIFIERS': '@im=ibus', 'XDG_SESSION_DESKTOP': 'ubuntu-xorg', 'XAUTHORITY': '/run/user/1000/gdm/Xauthority', 'LS_COLORS': 'rs=0:di=01;34:ln=01;36:mh=00:pi=40;33:so=01;35:do=01;35:bd=40;33;01:cd=40;33;01:or=40;31;01:mi=00:su=37;41:sg=30;43:ca=00:tw=30;42:ow=34;42:st=37;44:ex=01;32:*.tar=01;31:*.tgz=01;31:*.arc=01;31:*.arj=01;31:*.taz=01;31:*.lha=01;31:*.lz4=01;31:*.lzh=01;31:*.lzma=01;31:*.tlz=01;31:*.txz=01;31:*.tzo=01;31:*.t7z=01;31:*.zip=01;31:*.z=01;31:*.dz=01;31:*.gz=01;31:*.lrz=01;31:*.lz=01;31:*.lzo=01;31:*.xz=01;31:*.zst=01;31:*.tzst=01;31:*.bz2=01;31:*.bz=01;31:*.tbz=01;31:*.tbz2=01;31:*.tz=01;31:*.deb=01;31:*.rpm=01;31:*.jar=01;31:*.war=01;31:*.ear=01;31:*.sar=01;31:*.rar=01;31:*.alz=01;31:*.ace=01;31:*.zoo=01;31:*.cpio=01;31:*.7z=01;31:*.rz=01;31:*.cab=01;31:*.wim=01;31:*.swm=01;31:*.dwm=01;31:*.esd=01;31:*.avif=01;35:*.jpg=01;35:*.jpeg=01;35:*.mjpg=01;35:*.mjpeg=01;35:*.gif=01;35:*.bmp=01;35:*.pbm=01;35:*.pgm=01;35:*.ppm=01;35:*.tga=01;35:*.xbm=01;35:*.xpm=01;35:*.tif=01;35:*.tiff=01;35:*.png=01;35:*.svg=01;35:*.svgz=01;35:*.mng=01;35:*.pcx=01;35:*.mov=01;35:*.mpg=01;35:*.mpeg=01;35:*.m2v=01;35:*.mkv=01;35:*.webm=01;35:*.webp=01;35:*.ogm=01;35:*.mp4=01;35:*.m4v=01;35:*.mp4v=01;35:*.vob=01;35:*.qt=01;35:*.nuv=01;35:*.wmv=01;35:*.asf=01;35:*.rm=01;35:*.rmvb=01;35:*.flc=01;35:*.avi=01;35:*.fli=01;35:*.flv=01;35:*.gl=01;35:*.dl=01;35:*.xcf=01;35:*.xwd=01;35:*.yuv=01;35:*.cgm=01;35:*.emf=01;35:*.ogv=01;35:*.ogx=01;35:*.aac=00;36:*.au=00;36:*.flac=00;36:*.m4a=00;36:*.mid=00;36:*.midi=00;36:*.mka=00;36:*.mp3=00;36:*.mpc=00;36:*.ogg=00;36:*.ra=00;36:*.wav=00;36:*.oga=00;36:*.opus=00;36:*.spx=00;36:*.xspf=00;36:*~=00;90:*#=00;90:*.bak=00;90:*.crdownload=00;90:*.dpkg-dist=00;90:*.dpkg-new=00;90:*.dpkg-old=00;90:*.dpkg-tmp=00;90:*.old=00;90:*.orig=00;90:*.part=00;90:*.rej=00;90:*.rpmnew=00;90:*.rpmorig=00;90:*.rpmsave=00;90:*.swp=00;90:*.tmp=00;90:*.ucf-dist=00;90:*.ucf-new=00;90:*.ucf-old=00;90:', 'SSH_AUTH_SOCK': '/run/user/1000/keyring/ssh', 'AMENT_PREFIX_PATH': '/home/thanhtd71/ros2_ws/install/px4_msgs:/home/thanhtd71/ros2_ws/install/my_py_pkg:/home/thanhtd71/ros2_ws/install/my_cpp_pkg:/home/thanhtd71/ros2_ws/install/my_robot_interfaces:/home/thanhtd71/ros2_ws/install/my_first_pkg:/opt/ros/jazzy', 'CONDA_PYTHON_EXE': '/home/thanhtd71/miniconda3/bin/python', 'SHELL': '/bin/bash', 'TERMINATOR_UUID': 'urn:uuid:2c4d6629-22ee-4203-b585-0da5d573b807', 'QT_ACCESSIBILITY': '1', 'GDMSESSION': 'ubuntu-xorg', 'LESSCLOSE': '/usr/bin/lesspipe %s %s', 'GPG_AGENT_INFO': '/run/user/1000/gnupg/S.gpg-agent:0:1', 'GJS_DEBUG_OUTPUT': 'stderr', '_CONDA_EXE': '/home/thanhtd71/miniconda3/bin/conda', 'ROS_AUTOMATIC_DISCOVERY_RANGE': 'SUBNET', 'QT_IM_MODULE': 'ibus', 'PWD': '/home/thanhtd71/ros2_ws/src/my_robot_interfaces/build/my_robot_interfaces', 'LC_ALL': 'en_US.UTF-8', 'XDG_CONFIG_DIRS': '/etc/xdg/xdg-ubuntu-xorg:/etc/xdg', 'CONDA_EXE': '/home/thanhtd71/miniconda3/bin/conda', 'NVM_CD_FLAGS': '', 'XDG_DATA_DIRS': '/usr/share/ubuntu-xorg:/usr/share/gnome:/usr/local/share/:/usr/share/:/var/lib/snapd/desktop', 'PYTHONPATH': '/home/thanhtd71/ros2_ws/install/px4_msgs/lib/python3.12/site-packages:/home/thanhtd71/ros2_ws/install/my_py_pkg/lib/python3.12/site-packages:/home/thanhtd71/ros2_ws/install/my_robot_interfaces/lib/python3.12/site-packages:/home/thanhtd71/ros2_ws/install/my_first_pkg/lib/python3.12/site-packages:/opt/ros/jazzy/lib/python3.12/site-packages', 'COLCON': '1', 'MEMORY_PRESSURE_WRITE': 'c29tZSAyMDAwMDAgMjAwMDAwMAA=', 'VTE_VERSION': '7600', 'CMAKE_PREFIX_PATH': '/home/thanhtd71/ros2_ws/install/px4_msgs:/home/thanhtd71/ros2_ws/install/my_cpp_pkg:/home/thanhtd71/ros2_ws/install/my_robot_interfaces:/home/thanhtd71/ros2_ws/install/microxrcedds_agent:/opt/ros/jazzy/opt/gz_sim_vendor:/opt/ros/jazzy/opt/gz_sensors_vendor:/opt/ros/jazzy/opt/gz_physics_vendor:/opt/ros/jazzy/opt/sdformat_vendor:/opt/ros/jazzy/opt/gz_gui_vendor:/opt/ros/jazzy/opt/gz_transport_vendor:/opt/ros/jazzy/opt/gz_rendering_vendor:/opt/ros/jazzy/opt/gz_plugin_vendor:/opt/ros/jazzy/opt/gz_fuel_tools_vendor:/opt/ros/jazzy/opt/gz_msgs_vendor:/opt/ros/jazzy/opt/gz_common_vendor:/opt/ros/jazzy/opt/gz_math_vendor:/opt/ros/jazzy/opt/gz_utils_vendor:/opt/ros/jazzy/opt/gz_tools_vendor:/opt/ros/jazzy/opt/gz_ogre_next_vendor:/opt/ros/jazzy/opt/gz_dartsim_vendor:/opt/ros/jazzy/opt/gz_cmake_vendor:/home/thanhtd71/ros2_ws/install/my_py_pkg:/home/thanhtd71/ros2_ws/install/my_first_pkg:/opt/ros/jazzy'}), 'shell': False}
[0.099826] (-) TimerEvent: {}
[0.141864] (my_robot_interfaces) StdoutLine: {'line': b'-- The C compiler identification is GNU 13.3.0\n'}
[0.199887] (-) TimerEvent: {}
[0.228739] (my_robot_interfaces) StdoutLine: {'line': b'-- The CXX compiler identification is GNU 13.3.0\n'}
[0.258026] (my_robot_interfaces) StdoutLine: {'line': b'-- Detecting C compiler ABI info\n'}
[0.300023] (-) TimerEvent: {}
[0.392180] (my_robot_interfaces) StdoutLine: {'line': b'-- Detecting C compiler ABI info - done\n'}
[0.400115] (-) TimerEvent: {}
[0.403062] (my_robot_interfaces) StdoutLine: {'line': b'-- Check for working C compiler: /usr/bin/cc - skipped\n'}
[0.403593] (my_robot_interfaces) StdoutLine: {'line': b'-- Detecting C compile features\n'}
[0.403992] (my_robot_interfaces) StdoutLine: {'line': b'-- Detecting C compile features - done\n'}
[0.413730] (my_robot_interfaces) StdoutLine: {'line': b'-- Detecting CXX compiler ABI info\n'}
[0.500226] (-) TimerEvent: {}
[0.508054] (my_robot_interfaces) StdoutLine: {'line': b'-- Detecting CXX compiler ABI info - done\n'}
[0.515332] (my_robot_interfaces) StdoutLine: {'line': b'-- Check for working CXX compiler: /usr/bin/c++ - skipped\n'}
[0.515591] (my_robot_interfaces) StdoutLine: {'line': b'-- Detecting CXX compile features\n'}
[0.515890] (my_robot_interfaces) StdoutLine: {'line': b'-- Detecting CXX compile features - done\n'}
[0.535177] (my_robot_interfaces) StdoutLine: {'line': b'-- Found ament_cmake: 2.5.6 (/opt/ros/jazzy/share/ament_cmake/cmake)\n'}
[0.600351] (-) TimerEvent: {}
[0.683872] (my_robot_interfaces) StdoutLine: {'line': b'-- Found Python3: /usr/bin/python3 (found version "3.12.3") found components: Interpreter \n'}
[0.700481] (-) TimerEvent: {}
[0.796817] (my_robot_interfaces) StdoutLine: {'line': b'-- Found rosidl_default_generators: 1.6.1 (/opt/ros/jazzy/share/rosidl_default_generators/cmake)\n'}
[0.800598] (-) TimerEvent: {}
[0.806152] (my_robot_interfaces) StdoutLine: {'line': b'-- Using all available rosidl_typesupport_c: rosidl_typesupport_fastrtps_c;rosidl_typesupport_introspection_c\n'}
[0.863598] (my_robot_interfaces) StdoutLine: {'line': b'-- Using all available rosidl_typesupport_cpp: rosidl_typesupport_fastrtps_cpp;rosidl_typesupport_introspection_cpp\n'}
[0.900742] (-) TimerEvent: {}
[0.918170] (my_robot_interfaces) StdoutLine: {'line': b'-- Found rosidl_adapter: 4.6.9 (/opt/ros/jazzy/share/rosidl_adapter/cmake)\n'}
[1.000839] (-) TimerEvent: {}
[1.101133] (-) TimerEvent: {}
[1.201416] (-) TimerEvent: {}
[1.301673] (-) TimerEvent: {}
[1.401925] (-) TimerEvent: {}
[1.502194] (-) TimerEvent: {}
[1.548843] (my_robot_interfaces) StdoutLine: {'line': b'-- Found ament_cmake_ros: 0.12.1 (/opt/ros/jazzy/share/ament_cmake_ros/cmake)\n'}
[1.602322] (-) TimerEvent: {}
[1.702599] (-) TimerEvent: {}
[1.802867] (-) TimerEvent: {}
[1.903135] (-) TimerEvent: {}
[1.967196] (my_robot_interfaces) StdoutLine: {'line': b'-- Using all available rosidl_typesupport_c: rosidl_typesupport_fastrtps_c;rosidl_typesupport_introspection_c\n'}
[2.003264] (-) TimerEvent: {}
[2.103518] (-) TimerEvent: {}
[2.203810] (-) TimerEvent: {}
[2.304056] (-) TimerEvent: {}
[2.404313] (-) TimerEvent: {}
[2.504589] (-) TimerEvent: {}
[2.548780] (my_robot_interfaces) StdoutLine: {'line': b'-- Using all available rosidl_typesupport_cpp: rosidl_typesupport_fastrtps_cpp;rosidl_typesupport_introspection_cpp\n'}
[2.557524] (my_robot_interfaces) StdoutLine: {'line': b'-- Found python_cmake_module: 0.11.1 (/opt/ros/jazzy/share/python_cmake_module/cmake)\n'}
[2.604721] (-) TimerEvent: {}
[2.693020] (my_robot_interfaces) StdoutLine: {'line': b'-- Found PythonExtra: /usr/bin/python3  \n'}
[2.704824] (-) TimerEvent: {}
[2.805096] (-) TimerEvent: {}
[2.905364] (-) TimerEvent: {}
[3.008108] (-) TimerEvent: {}
[3.108363] (-) TimerEvent: {}
[3.171187] (my_robot_interfaces) StdoutLine: {'line': b'-- Found Python3: /usr/bin/python3 (found version "3.12.3") found components: Interpreter Development NumPy Development.Module Development.Embed \n'}
[3.208471] (-) TimerEvent: {}
[3.238326] (my_robot_interfaces) StdoutLine: {'line': b'-- Found Python3: /usr/bin/python3 (found version "3.12.3") found components: Interpreter \n'}
[3.243364] (my_robot_interfaces) StdoutLine: {'line': b'-- Found ament_lint_auto: 0.17.5 (/opt/ros/jazzy/share/ament_lint_auto/cmake)\n'}
[3.272078] (my_robot_interfaces) StdoutLine: {'line': b"-- Added test 'cppcheck' to perform static code analysis on C / C++ code\n"}
[3.272608] (my_robot_interfaces) StdoutLine: {'line': b'-- Configured cppcheck include dirs: $<BUILD_INTERFACE:/home/thanhtd71/ros2_ws/src/my_robot_interfaces/build/my_robot_interfaces/rosidl_generator_c>;$<BUILD_INTERFACE:/home/thanhtd71/ros2_ws/src/my_robot_interfaces/build/my_robot_interfaces/rosidl_typesupport_fastrtps_c>;$<BUILD_INTERFACE:/home/thanhtd71/ros2_ws/src/my_robot_interfaces/build/my_robot_interfaces/rosidl_typesupport_introspection_c>;$<BUILD_INTERFACE:/home/thanhtd71/ros2_ws/src/my_robot_interfaces/build/my_robot_interfaces/rosidl_generator_cpp>;$<BUILD_INTERFACE:/home/thanhtd71/ros2_ws/src/my_robot_interfaces/build/my_robot_interfaces/rosidl_typesupport_fastrtps_cpp>;$<BUILD_INTERFACE:/home/thanhtd71/ros2_ws/src/my_robot_interfaces/build/my_robot_interfaces/rosidl_typesupport_introspection_cpp>;/home/thanhtd71/ros2_ws/src/my_robot_interfaces/build/my_robot_interfaces/rosidl_generator_c;/home/thanhtd71/ros2_ws/src/my_robot_interfaces/build/my_robot_interfaces/rosidl_generator_py\n'}
[3.272759] (my_robot_interfaces) StdoutLine: {'line': b'-- Configured cppcheck exclude dirs and/or files: \n'}
[3.274368] (my_robot_interfaces) StdoutLine: {'line': b"-- Added test 'flake8' to check Python code syntax and style conventions\n"}
[3.274492] (my_robot_interfaces) StdoutLine: {'line': b"-- Configured 'flake8' exclude dirs and/or files: \n"}
[3.276046] (my_robot_interfaces) StdoutLine: {'line': b"-- Added test 'lint_cmake' to check CMake code style\n"}
[3.277232] (my_robot_interfaces) StdoutLine: {'line': b"-- Added test 'pep257' to check Python code against some of the docstring style conventions in PEP 257\n"}
[3.281481] (my_robot_interfaces) StdoutLine: {'line': b"-- Added test 'uncrustify' to check C / C++ code style\n"}
[3.281660] (my_robot_interfaces) StdoutLine: {'line': b'-- Configured uncrustify additional arguments: \n'}
[3.282747] (my_robot_interfaces) StdoutLine: {'line': b"-- Added test 'xmllint' to check XML markup files\n"}
[3.285212] (my_robot_interfaces) StdoutLine: {'line': b'-- Configuring done (3.3s)\n'}
[3.308574] (-) TimerEvent: {}
[3.317901] (my_robot_interfaces) StdoutLine: {'line': b'-- Generating done (0.0s)\n'}
[3.327874] (my_robot_interfaces) StdoutLine: {'line': b'-- Build files have been written to: /home/thanhtd71/ros2_ws/src/my_robot_interfaces/build/my_robot_interfaces\n'}
[3.335864] (my_robot_interfaces) CommandEnded: {'returncode': 0}
[3.336476] (my_robot_interfaces) JobProgress: {'identifier': 'my_robot_interfaces', 'progress': 'build'}
[3.337257] (my_robot_interfaces) Command: {'cmd': ['/usr/bin/cmake', '--build', '/home/thanhtd71/ros2_ws/src/my_robot_interfaces/build/my_robot_interfaces', '--', '-j12', '-l12'], 'cwd': '/home/thanhtd71/ros2_ws/src/my_robot_interfaces/build/my_robot_interfaces', 'env': OrderedDict({'GJS_DEBUG_TOPICS': 'JS ERROR;JS LOG', 'XDG_ACTIVATION_TOKEN': 'gnome-shell/Terminator/2992-2-thanhtd71-IdeaPad-Slim-3-14IRH10_TIME4367541', 'LESSOPEN': '| /usr/bin/lesspipe %s', 'GZ_SIM_RESOURCE_PATH': '/opt/ros/jazzy/share', 'USER': 'thanhtd71', 'GZ_CONFIG_PATH': '/opt/ros/jazzy/opt/gz_sim_vendor/share/gz:/opt/ros/jazzy/opt/sdformat_vendor/share/gz:/opt/ros/jazzy/opt/gz_gui_vendor/share/gz:/opt/ros/jazzy/opt/gz_transport_vendor/share/gz:/opt/ros/jazzy/opt/gz_rendering_vendor/share/gz:/opt/ros/jazzy/opt/gz_plugin_vendor/share/gz:/opt/ros/jazzy/opt/gz_fuel_tools_vendor/share/gz:/opt/ros/jazzy/opt/gz_msgs_vendor/share/gz:/opt/ros/jazzy/opt/gz_common_vendor/share/gz', 'XDG_SESSION_TYPE': 'x11', 'CLUTTER_DISABLE_MIPMAPPED_TEXT': '1', 'SHLVL': '1', 'LD_LIBRARY_PATH': '/home/thanhtd71/ros2_ws/install/px4_msgs/lib:/home/thanhtd71/ros2_ws/install/my_robot_interfaces/lib:/home/thanhtd71/ros2_ws/install/microxrcedds_agent/lib:/opt/ros/jazzy/opt/gz_sim_vendor/lib:/opt/ros/jazzy/opt/gz_sensors_vendor/lib:/opt/ros/jazzy/opt/gz_physics_vendor/lib:/opt/ros/jazzy/opt/sdformat_vendor/lib:/opt/ros/jazzy/opt/rviz_ogre_vendor/lib:/opt/ros/jazzy/lib/x86_64-linux-gnu:/opt/ros/jazzy/opt/gz_gui_vendor/lib:/opt/ros/jazzy/opt/gz_transport_vendor/lib:/opt/ros/jazzy/opt/gz_rendering_vendor/lib:/opt/ros/jazzy/opt/gz_plugin_vendor/lib:/opt/ros/jazzy/opt/gz_fuel_tools_vendor/lib:/opt/ros/jazzy/opt/gz_msgs_vendor/lib:/opt/ros/jazzy/opt/gz_common_vendor/lib:/opt/ros/jazzy/opt/gz_math_vendor/lib:/opt/ros/jazzy/opt/gz_utils_vendor/lib:/opt/ros/jazzy/opt/gz_tools_vendor/lib:/opt/ros/jazzy/opt/gz_ogre_next_vendor/lib:/opt/ros/jazzy/opt/gz_dartsim_vendor/lib:/opt/ros/jazzy/opt/gz_cmake_vendor/lib:/opt/ros/jazzy/lib', 'HOME': '/home/thanhtd71', 'CONDA_SHLVL': '0', 'OLDPWD': '/home/thanhtd71/ros2_ws/src/my_robot_interfaces/action', 'DESKTOP_SESSION': 'ubuntu-xorg', 'NVM_BIN': '/home/thanhtd71/.nvm/versions/node/v24.19.0/bin', 'NVM_INC': '/home/thanhtd71/.nvm/versions/node/v24.19.0/include/node', 'GIO_LAUNCHED_DESKTOP_FILE': '/usr/share/applications/terminator.desktop', 'ROS_PYTHON_VERSION': '3', 'GNOME_SHELL_SESSION_MODE': 'ubuntu', 'GTK_MODULES': 'gail:atk-bridge', 'MANAGERPID': '2559', 'SYSTEMD_EXEC_PID': '2992', 'GSM_SKIP_SSH_AGENT_WORKAROUND': 'true', 'DBUS_SESSION_BUS_ADDRESS': 'unix:path=/run/user/1000/bus', 'COLORTERM': 'truecolor', '_CE_M': '', 'TERMINATOR_DBUS_NAME': 'net.tenshu.Terminator21a9d5db22c73a993ff0b42f64b396873', '_CONDA_ROOT': '/home/thanhtd71/miniconda3', 'GIO_LAUNCHED_DESKTOP_FILE_PID': '67583', 'NVM_DIR': '/home/thanhtd71/.nvm', 'DEBUGINFOD_URLS': 'https://debuginfod.ubuntu.com', 'COLCON_PREFIX_PATH': '/home/thanhtd71/ros2_ws/install', 'ROS_DISTRO': 'jazzy', 'LOGNAME': 'thanhtd71', 'JOURNAL_STREAM': '10:27088', '_': '/usr/bin/colcon', 'ROS_VERSION': '2', 'MEMORY_PRESSURE_WATCH': '/sys/fs/cgroup/user.slice/user-1000.slice/user@1000.service/session.slice/org.gnome.Shell@x11.service/memory.pressure', 'XDG_SESSION_CLASS': 'user', 'USERNAME': 'thanhtd71', 'TERM': 'xterm-256color', 'GNOME_DESKTOP_SESSION_ID': 'this-is-deprecated', '_CE_CONDA': '', 'WINDOWPATH': '2', 'PATH': '/home/thanhtd71/miniconda3/condabin:/home/thanhtd71/.nvm/versions/node/v24.19.0/bin:/home/thanhtd71/.local/bin:/home/thanhtd71/ros2_ws/install/microxrcedds_agent/bin:/opt/ros/jazzy/opt/gz_msgs_vendor/bin:/opt/ros/jazzy/opt/gz_tools_vendor/bin:/opt/ros/jazzy/opt/gz_ogre_next_vendor/bin:/opt/ros/jazzy/bin:/home/thanhtd71/.local/bin:/usr/local/sbin:/usr/local/bin:/usr/sbin:/usr/bin:/sbin:/bin:/usr/games:/usr/local/games:/snap/bin:/snap/bin:/opt/xtensa-esp-elf/bin/', 'SESSION_MANAGER': 'local/thanhtd71-IdeaPad-Slim-3-14IRH10:@/tmp/.ICE-unix/2950,unix/thanhtd71-IdeaPad-Slim-3-14IRH10:/tmp/.ICE-unix/2950', 'INVOCATION_ID': 'ea246a10d004432a91ca6b98beb2c808', 'XDG_MENU_PREFIX': 'gnome-', 'XDG_RUNTIME_DIR': '/run/user/1000', 'DISPLAY': ':0', 'TERMINATOR_DBUS_PATH': '/net/tenshu/Terminator2', 'LANG': 'en_US.UTF-8', 'XDG_CURRENT_DESKTOP': 'ubuntu:GNOME', 'XMODIFIERS': '@im=ibus', 'XDG_SESSION_DESKTOP': 'ubuntu-xorg', 'XAUTHORITY': '/run/user/1000/gdm/Xauthority', 'LS_COLORS': 'rs=0:di=01;34:ln=01;36:mh=00:pi=40;33:so=01;35:do=01;35:bd=40;33;01:cd=40;33;01:or=40;31;01:mi=00:su=37;41:sg=30;43:ca=00:tw=30;42:ow=34;42:st=37;44:ex=01;32:*.tar=01;31:*.tgz=01;31:*.arc=01;31:*.arj=01;31:*.taz=01;31:*.lha=01;31:*.lz4=01;31:*.lzh=01;31:*.lzma=01;31:*.tlz=01;31:*.txz=01;31:*.tzo=01;31:*.t7z=01;31:*.zip=01;31:*.z=01;31:*.dz=01;31:*.gz=01;31:*.lrz=01;31:*.lz=01;31:*.lzo=01;31:*.xz=01;31:*.zst=01;31:*.tzst=01;31:*.bz2=01;31:*.bz=01;31:*.tbz=01;31:*.tbz2=01;31:*.tz=01;31:*.deb=01;31:*.rpm=01;31:*.jar=01;31:*.war=01;31:*.ear=01;31:*.sar=01;31:*.rar=01;31:*.alz=01;31:*.ace=01;31:*.zoo=01;31:*.cpio=01;31:*.7z=01;31:*.rz=01;31:*.cab=01;31:*.wim=01;31:*.swm=01;31:*.dwm=01;31:*.esd=01;31:*.avif=01;35:*.jpg=01;35:*.jpeg=01;35:*.mjpg=01;35:*.mjpeg=01;35:*.gif=01;35:*.bmp=01;35:*.pbm=01;35:*.pgm=01;35:*.ppm=01;35:*.tga=01;35:*.xbm=01;35:*.xpm=01;35:*.tif=01;35:*.tiff=01;35:*.png=01;35:*.svg=01;35:*.svgz=01;35:*.mng=01;35:*.pcx=01;35:*.mov=01;35:*.mpg=01;35:*.mpeg=01;35:*.m2v=01;35:*.mkv=01;35:*.webm=01;35:*.webp=01;35:*.ogm=01;35:*.mp4=01;35:*.m4v=01;35:*.mp4v=01;35:*.vob=01;35:*.qt=01;35:*.nuv=01;35:*.wmv=01;35:*.asf=01;35:*.rm=01;35:*.rmvb=01;35:*.flc=01;35:*.avi=01;35:*.fli=01;35:*.flv=01;35:*.gl=01;35:*.dl=01;35:*.xcf=01;35:*.xwd=01;35:*.yuv=01;35:*.cgm=01;35:*.emf=01;35:*.ogv=01;35:*.ogx=01;35:*.aac=00;36:*.au=00;36:*.flac=00;36:*.m4a=00;36:*.mid=00;36:*.midi=00;36:*.mka=00;36:*.mp3=00;36:*.mpc=00;36:*.ogg=00;36:*.ra=00;36:*.wav=00;36:*.oga=00;36:*.opus=00;36:*.spx=00;36:*.xspf=00;36:*~=00;90:*#=00;90:*.bak=00;90:*.crdownload=00;90:*.dpkg-dist=00;90:*.dpkg-new=00;90:*.dpkg-old=00;90:*.dpkg-tmp=00;90:*.old=00;90:*.orig=00;90:*.part=00;90:*.rej=00;90:*.rpmnew=00;90:*.rpmorig=00;90:*.rpmsave=00;90:*.swp=00;90:*.tmp=00;90:*.ucf-dist=00;90:*.ucf-new=00;90:*.ucf-old=00;90:', 'SSH_AUTH_SOCK': '/run/user/1000/keyring/ssh', 'AMENT_PREFIX_PATH': '/home/thanhtd71/ros2_ws/install/px4_msgs:/home/thanhtd71/ros2_ws/install/my_py_pkg:/home/thanhtd71/ros2_ws/install/my_cpp_pkg:/home/thanhtd71/ros2_ws/install/my_robot_interfaces:/home/thanhtd71/ros2_ws/install/my_first_pkg:/opt/ros/jazzy', 'CONDA_PYTHON_EXE': '/home/thanhtd71/miniconda3/bin/python', 'SHELL': '/bin/bash', 'TERMINATOR_UUID': 'urn:uuid:2c4d6629-22ee-4203-b585-0da5d573b807', 'QT_ACCESSIBILITY': '1', 'GDMSESSION': 'ubuntu-xorg', 'LESSCLOSE': '/usr/bin/lesspipe %s %s', 'GPG_AGENT_INFO': '/run/user/1000/gnupg/S.gpg-agent:0:1', 'GJS_DEBUG_OUTPUT': 'stderr', '_CONDA_EXE': '/home/thanhtd71/miniconda3/bin/conda', 'ROS_AUTOMATIC_DISCOVERY_RANGE': 'SUBNET', 'QT_IM_MODULE': 'ibus', 'PWD': '/home/thanhtd71/ros2_ws/src/my_robot_interfaces/build/my_robot_interfaces', 'LC_ALL': 'en_US.UTF-8', 'XDG_CONFIG_DIRS': '/etc/xdg/xdg-ubuntu-xorg:/etc/xdg', 'CONDA_EXE': '/home/thanhtd71/miniconda3/bin/conda', 'NVM_CD_FLAGS': '', 'XDG_DATA_DIRS': '/usr/share/ubuntu-xorg:/usr/share/gnome:/usr/local/share/:/usr/share/:/var/lib/snapd/desktop', 'PYTHONPATH': '/home/thanhtd71/ros2_ws/install/px4_msgs/lib/python3.12/site-packages:/home/thanhtd71/ros2_ws/install/my_py_pkg/lib/python3.12/site-packages:/home/thanhtd71/ros2_ws/install/my_robot_interfaces/lib/python3.12/site-packages:/home/thanhtd71/ros2_ws/install/my_first_pkg/lib/python3.12/site-packages:/opt/ros/jazzy/lib/python3.12/site-packages', 'COLCON': '1', 'MEMORY_PRESSURE_WRITE': 'c29tZSAyMDAwMDAgMjAwMDAwMAA=', 'VTE_VERSION': '7600', 'CMAKE_PREFIX_PATH': '/home/thanhtd71/ros2_ws/install/px4_msgs:/home/thanhtd71/ros2_ws/install/my_cpp_pkg:/home/thanhtd71/ros2_ws/install/my_robot_interfaces:/home/thanhtd71/ros2_ws/install/microxrcedds_agent:/opt/ros/jazzy/opt/gz_sim_vendor:/opt/ros/jazzy/opt/gz_sensors_vendor:/opt/ros/jazzy/opt/gz_physics_vendor:/opt/ros/jazzy/opt/sdformat_vendor:/opt/ros/jazzy/opt/gz_gui_vendor:/opt/ros/jazzy/opt/gz_transport_vendor:/opt/ros/jazzy/opt/gz_rendering_vendor:/opt/ros/jazzy/opt/gz_plugin_vendor:/opt/ros/jazzy/opt/gz_fuel_tools_vendor:/opt/ros/jazzy/opt/gz_msgs_vendor:/opt/ros/jazzy/opt/gz_common_vendor:/opt/ros/jazzy/opt/gz_math_vendor:/opt/ros/jazzy/opt/gz_utils_vendor:/opt/ros/jazzy/opt/gz_tools_vendor:/opt/ros/jazzy/opt/gz_ogre_next_vendor:/opt/ros/jazzy/opt/gz_dartsim_vendor:/opt/ros/jazzy/opt/gz_cmake_vendor:/home/thanhtd71/ros2_ws/install/my_py_pkg:/home/thanhtd71/ros2_ws/install/my_first_pkg:/opt/ros/jazzy'}), 'shell': False}
[3.385592] (my_robot_interfaces) StdoutLine: {'line': b'[  1%] \x1b[34m\x1b[1mGenerating type hashes for ROS interfaces\x1b[0m\n'}
[3.390365] (my_robot_interfaces) StdoutLine: {'line': b'[  3%] \x1b[34m\x1b[1mGenerating Rust code for ROS interfaces\x1b[0m\n'}
[3.394255] (my_robot_interfaces) StdoutLine: {'line': b'[  3%] Built target ament_cmake_python_copy_my_robot_interfaces\n'}
[3.408699] (-) TimerEvent: {}
[3.508985] (-) TimerEvent: {}
[3.578765] (my_robot_interfaces) StdoutLine: {'line': b'running egg_info\n'}
[3.593948] (my_robot_interfaces) StdoutLine: {'line': b'creating my_robot_interfaces.egg-info\n'}
[3.594203] (my_robot_interfaces) StdoutLine: {'line': b'writing my_robot_interfaces.egg-info/PKG-INFO\n'}
[3.594381] (my_robot_interfaces) StdoutLine: {'line': b'writing dependency_links to my_robot_interfaces.egg-info/dependency_links.txt\n'}
[3.594560] (my_robot_interfaces) StdoutLine: {'line': b'writing top-level names to my_robot_interfaces.egg-info/top_level.txt\n'}
[3.594746] (my_robot_interfaces) StdoutLine: {'line': b"writing manifest file 'my_robot_interfaces.egg-info/SOURCES.txt'\n"}
[3.609083] (-) TimerEvent: {}
[3.626898] (my_robot_interfaces) StdoutLine: {'line': b'[  3%] Built target my_robot_interfaces__rosidl_generator_type_description\n'}
[3.640254] (my_robot_interfaces) StdoutLine: {'line': b'[  5%] \x1b[34m\x1b[1mGenerating C code for ROS interfaces\x1b[0m\n'}
[3.645859] (my_robot_interfaces) StdoutLine: {'line': b'[  7%] \x1b[34m\x1b[1mGenerating C++ code for ROS interfaces\x1b[0m\n'}
[3.647959] (my_robot_interfaces) StdoutLine: {'line': b'[  7%] Built target my_robot_interfaces__rs\n'}
[3.661033] (my_robot_interfaces) StdoutLine: {'line': b"reading manifest file 'my_robot_interfaces.egg-info/SOURCES.txt'\n"}
[3.661655] (my_robot_interfaces) StdoutLine: {'line': b"writing manifest file 'my_robot_interfaces.egg-info/SOURCES.txt'\n"}
[3.691778] (my_robot_interfaces) StdoutLine: {'line': b'[  7%] Built target ament_cmake_python_build_my_robot_interfaces_egg\n'}
[3.709175] (-) TimerEvent: {}
[3.809392] (-) TimerEvent: {}
[3.909588] (-) TimerEvent: {}
[4.009823] (-) TimerEvent: {}
[4.040219] (my_robot_interfaces) StdoutLine: {'line': b'[  7%] Built target my_robot_interfaces__cpp\n'}
[4.109976] (-) TimerEvent: {}
[4.121602] (my_robot_interfaces) StdoutLine: {'line': b'[  9%] \x1b[32mBuilding C object CMakeFiles/my_robot_interfaces__rosidl_generator_c.dir/rosidl_generator_c/my_robot_interfaces/msg/detail/hardware_status__functions.c.o\x1b[0m\n'}
[4.123076] (my_robot_interfaces) StdoutLine: {'line': b'[ 12%] \x1b[32mBuilding C object CMakeFiles/my_robot_interfaces__rosidl_generator_c.dir/rosidl_generator_c/my_robot_interfaces/srv/detail/reset_counter__functions.c.o\x1b[0m\n'}
[4.123219] (my_robot_interfaces) StdoutLine: {'line': b'[ 12%] \x1b[32mBuilding C object CMakeFiles/my_robot_interfaces__rosidl_generator_c.dir/rosidl_generator_c/my_robot_interfaces/msg/detail/hardware_status__description.c.o\x1b[0m\n'}
[4.123291] (my_robot_interfaces) StdoutLine: {'line': b'[ 14%] \x1b[32mBuilding C object CMakeFiles/my_robot_interfaces__rosidl_generator_c.dir/rosidl_generator_c/my_robot_interfaces/srv/detail/reset_counter__description.c.o\x1b[0m\n'}
[4.123363] (my_robot_interfaces) StdoutLine: {'line': b'[ 16%] \x1b[32mBuilding C object CMakeFiles/my_robot_interfaces__rosidl_generator_c.dir/rosidl_generator_c/my_robot_interfaces/srv/detail/reset_counter__type_support.c.o\x1b[0m\n'}
[4.123472] (my_robot_interfaces) StdoutLine: {'line': b'[ 18%] \x1b[32mBuilding C object CMakeFiles/my_robot_interfaces__rosidl_generator_c.dir/rosidl_generator_c/my_robot_interfaces/action/detail/count_until__functions.c.o\x1b[0m\n'}
[4.124054] (my_robot_interfaces) StdoutLine: {'line': b'[ 20%] \x1b[32mBuilding C object CMakeFiles/my_robot_interfaces__rosidl_generator_c.dir/rosidl_generator_c/my_robot_interfaces/msg/detail/hardware_status__type_support.c.o\x1b[0m\n'}
[4.125820] (my_robot_interfaces) StdoutLine: {'line': b'[ 21%] \x1b[32mBuilding C object CMakeFiles/my_robot_interfaces__rosidl_generator_c.dir/rosidl_generator_c/my_robot_interfaces/action/detail/count_until__description.c.o\x1b[0m\n'}
[4.126072] (my_robot_interfaces) StdoutLine: {'line': b'[ 23%] \x1b[32mBuilding C object CMakeFiles/my_robot_interfaces__rosidl_generator_c.dir/rosidl_generator_c/my_robot_interfaces/action/detail/count_until__type_support.c.o\x1b[0m\n'}
[4.210088] (-) TimerEvent: {}
[4.269281] (my_robot_interfaces) StdoutLine: {'line': b'[ 25%] \x1b[32m\x1b[1mLinking C shared library libmy_robot_interfaces__rosidl_generator_c.so\x1b[0m\n'}
[4.309261] (my_robot_interfaces) StdoutLine: {'line': b'[ 25%] Built target my_robot_interfaces__rosidl_generator_c\n'}
[4.310165] (-) TimerEvent: {}
[4.318535] (my_robot_interfaces) StdoutLine: {'line': b'[ 30%] \x1b[34m\x1b[1mGenerating C++ introspection for ROS interfaces\x1b[0m\n'}
[4.318734] (my_robot_interfaces) StdoutLine: {'line': b'[ 30%] \x1b[34m\x1b[1mGenerating C++ type support dispatch for ROS interfaces\x1b[0m\n'}
[4.318824] (my_robot_interfaces) StdoutLine: {'line': b'[ 30%] \x1b[34m\x1b[1mGenerating C++ type support for eProsima Fast-RTPS\x1b[0m\n'}
[4.321483] (my_robot_interfaces) StdoutLine: {'line': b'[ 36%] \x1b[34m\x1b[1mGenerating C type support dispatch for ROS interfaces\x1b[0m\n'}
[4.321676] (my_robot_interfaces) StdoutLine: {'line': b'[ 36%] \x1b[34m\x1b[1mGenerating C type support for eProsima Fast-RTPS\x1b[0m\n'}
[4.321757] (my_robot_interfaces) StdoutLine: {'line': b'[ 36%] \x1b[34m\x1b[1mGenerating C introspection for ROS interfaces\x1b[0m\n'}
[4.410255] (-) TimerEvent: {}
[4.510847] (-) TimerEvent: {}
[4.611083] (-) TimerEvent: {}
[4.700981] (my_robot_interfaces) StdoutLine: {'line': b'[ 40%] \x1b[32mBuilding CXX object CMakeFiles/my_robot_interfaces__rosidl_typesupport_introspection_cpp.dir/rosidl_typesupport_introspection_cpp/my_robot_interfaces/msg/detail/hardware_status__type_support.cpp.o\x1b[0m\n'}
[4.701187] (my_robot_interfaces) StdoutLine: {'line': b'[ 40%] \x1b[32mBuilding CXX object CMakeFiles/my_robot_interfaces__rosidl_typesupport_introspection_cpp.dir/rosidl_typesupport_introspection_cpp/my_robot_interfaces/action/detail/count_until__type_support.cpp.o\x1b[0m\n'}
[4.703111] (my_robot_interfaces) StdoutLine: {'line': b'[ 41%] \x1b[32mBuilding CXX object CMakeFiles/my_robot_interfaces__rosidl_typesupport_introspection_cpp.dir/rosidl_typesupport_introspection_cpp/my_robot_interfaces/srv/detail/reset_counter__type_support.cpp.o\x1b[0m\n'}
[4.711169] (-) TimerEvent: {}
[4.737919] (my_robot_interfaces) StdoutLine: {'line': b'[ 45%] \x1b[32mBuilding CXX object CMakeFiles/my_robot_interfaces__rosidl_typesupport_cpp.dir/rosidl_typesupport_cpp/my_robot_interfaces/msg/hardware_status__type_support.cpp.o\x1b[0m\n'}
[4.738104] (my_robot_interfaces) StdoutLine: {'line': b'[ 45%] \x1b[32mBuilding CXX object CMakeFiles/my_robot_interfaces__rosidl_typesupport_cpp.dir/rosidl_typesupport_cpp/my_robot_interfaces/srv/reset_counter__type_support.cpp.o\x1b[0m\n'}
[4.739745] (my_robot_interfaces) StdoutLine: {'line': b'[ 47%] \x1b[32mBuilding CXX object CMakeFiles/my_robot_interfaces__rosidl_typesupport_cpp.dir/rosidl_typesupport_cpp/my_robot_interfaces/action/count_until__type_support.cpp.o\x1b[0m\n'}
[4.811270] (-) TimerEvent: {}
[4.815265] (my_robot_interfaces) StdoutLine: {'line': b'[ 49%] \x1b[32mBuilding CXX object CMakeFiles/my_robot_interfaces__rosidl_typesupport_c.dir/rosidl_typesupport_c/my_robot_interfaces/msg/hardware_status__type_support.cpp.o\x1b[0m\n'}
[4.816380] (my_robot_interfaces) StdoutLine: {'line': b'[ 50%] \x1b[32mBuilding CXX object CMakeFiles/my_robot_interfaces__rosidl_typesupport_c.dir/rosidl_typesupport_c/my_robot_interfaces/srv/reset_counter__type_support.cpp.o\x1b[0m\n'}
[4.824762] (my_robot_interfaces) StdoutLine: {'line': b'[ 52%] \x1b[32mBuilding CXX object CMakeFiles/my_robot_interfaces__rosidl_typesupport_c.dir/rosidl_typesupport_c/my_robot_interfaces/action/count_until__type_support.cpp.o\x1b[0m\n'}
[4.904926] (my_robot_interfaces) StdoutLine: {'line': b'[ 54%] \x1b[32m\x1b[1mLinking CXX shared library libmy_robot_interfaces__rosidl_typesupport_c.so\x1b[0m\n'}
[4.911359] (my_robot_interfaces) StdoutLine: {'line': b'[ 56%] \x1b[32mBuilding CXX object CMakeFiles/my_robot_interfaces__rosidl_typesupport_fastrtps_cpp.dir/rosidl_typesupport_fastrtps_cpp/my_robot_interfaces/action/detail/dds_fastrtps/count_until__type_support.cpp.o\x1b[0m\n'}
[4.911564] (-) TimerEvent: {}
[4.912569] (my_robot_interfaces) StdoutLine: {'line': b'[ 60%] \x1b[32mBuilding CXX object CMakeFiles/my_robot_interfaces__rosidl_typesupport_fastrtps_cpp.dir/rosidl_typesupport_fastrtps_cpp/my_robot_interfaces/srv/detail/dds_fastrtps/reset_counter__type_support.cpp.o\x1b[0m\n'}
[4.912754] (my_robot_interfaces) StdoutLine: {'line': b'[ 60%] \x1b[32mBuilding CXX object CMakeFiles/my_robot_interfaces__rosidl_typesupport_fastrtps_cpp.dir/rosidl_typesupport_fastrtps_cpp/my_robot_interfaces/msg/detail/dds_fastrtps/hardware_status__type_support.cpp.o\x1b[0m\n'}
[4.923579] (my_robot_interfaces) StdoutLine: {'line': b'[ 61%] \x1b[32mBuilding C object CMakeFiles/my_robot_interfaces__rosidl_typesupport_introspection_c.dir/rosidl_typesupport_introspection_c/my_robot_interfaces/msg/detail/hardware_status__type_support.c.o\x1b[0m\n'}
[4.998362] (my_robot_interfaces) StdoutLine: {'line': b'[ 61%] Built target my_robot_interfaces__rosidl_typesupport_c\n'}
[5.013717] (-) TimerEvent: {}
[5.033727] (my_robot_interfaces) StdoutLine: {'line': b'[ 63%] \x1b[32mBuilding C object CMakeFiles/my_robot_interfaces__rosidl_typesupport_introspection_c.dir/rosidl_typesupport_introspection_c/my_robot_interfaces/srv/detail/reset_counter__type_support.c.o\x1b[0m\n'}
[5.091324] (my_robot_interfaces) StdoutLine: {'line': b'[ 65%] \x1b[32mBuilding C object CMakeFiles/my_robot_interfaces__rosidl_typesupport_introspection_c.dir/rosidl_typesupport_introspection_c/my_robot_interfaces/action/detail/count_until__type_support.c.o\x1b[0m\n'}
[5.116615] (-) TimerEvent: {}
[5.216983] (-) TimerEvent: {}
[5.253996] (my_robot_interfaces) StdoutLine: {'line': b'[ 67%] \x1b[32m\x1b[1mLinking C shared library libmy_robot_interfaces__rosidl_typesupport_introspection_c.so\x1b[0m\n'}
[5.299389] (my_robot_interfaces) StdoutLine: {'line': b'[ 67%] Built target my_robot_interfaces__rosidl_typesupport_introspection_c\n'}
[5.317085] (-) TimerEvent: {}
[5.329474] (my_robot_interfaces) StdoutLine: {'line': b'[ 69%] \x1b[32mBuilding CXX object CMakeFiles/my_robot_interfaces__rosidl_typesupport_fastrtps_c.dir/rosidl_typesupport_fastrtps_c/my_robot_interfaces/action/detail/count_until__type_support_c.cpp.o\x1b[0m\n'}
[5.330714] (my_robot_interfaces) StdoutLine: {'line': b'[ 70%] \x1b[32mBuilding CXX object CMakeFiles/my_robot_interfaces__rosidl_typesupport_fastrtps_c.dir/rosidl_typesupport_fastrtps_c/my_robot_interfaces/msg/detail/hardware_status__type_support_c.cpp.o\x1b[0m\n'}
[5.330931] (my_robot_interfaces) StdoutLine: {'line': b'[ 72%] \x1b[32mBuilding CXX object CMakeFiles/my_robot_interfaces__rosidl_typesupport_fastrtps_c.dir/rosidl_typesupport_fastrtps_c/my_robot_interfaces/srv/detail/reset_counter__type_support_c.cpp.o\x1b[0m\n'}
[5.417189] (-) TimerEvent: {}
[5.517458] (-) TimerEvent: {}
[5.617712] (-) TimerEvent: {}
[5.637775] (my_robot_interfaces) StdoutLine: {'line': b'[ 74%] \x1b[32m\x1b[1mLinking CXX shared library libmy_robot_interfaces__rosidl_typesupport_cpp.so\x1b[0m\n'}
[5.711834] (my_robot_interfaces) StdoutLine: {'line': b'[ 74%] Built target my_robot_interfaces__rosidl_typesupport_cpp\n'}
[5.717810] (-) TimerEvent: {}
[5.770053] (my_robot_interfaces) StdoutLine: {'line': b'[ 76%] \x1b[32m\x1b[1mLinking CXX shared library libmy_robot_interfaces__rosidl_typesupport_introspection_cpp.so\x1b[0m\n'}
[5.817920] (-) TimerEvent: {}
[5.845846] (my_robot_interfaces) StdoutLine: {'line': b'[ 76%] Built target my_robot_interfaces__rosidl_typesupport_introspection_cpp\n'}
[5.918021] (-) TimerEvent: {}
[6.018263] (-) TimerEvent: {}
[6.022771] (my_robot_interfaces) StdoutLine: {'line': b'[ 78%] \x1b[32m\x1b[1mLinking CXX shared library libmy_robot_interfaces__rosidl_typesupport_fastrtps_c.so\x1b[0m\n'}
[6.061216] (my_robot_interfaces) StdoutLine: {'line': b'[ 80%] \x1b[32m\x1b[1mLinking CXX shared library libmy_robot_interfaces__rosidl_typesupport_fastrtps_cpp.so\x1b[0m\n'}
[6.090851] (my_robot_interfaces) StdoutLine: {'line': b'[ 80%] Built target my_robot_interfaces__rosidl_typesupport_fastrtps_c\n'}
[6.118363] (-) TimerEvent: {}
[6.130039] (my_robot_interfaces) StdoutLine: {'line': b'[ 80%] Built target my_robot_interfaces__rosidl_typesupport_fastrtps_cpp\n'}
[6.148177] (my_robot_interfaces) StdoutLine: {'line': b'[ 80%] Built target my_robot_interfaces\n'}
[6.165480] (my_robot_interfaces) StdoutLine: {'line': b'[ 81%] \x1b[34m\x1b[1mGenerating Python code for ROS interfaces\x1b[0m\n'}
[6.218536] (-) TimerEvent: {}
[6.318822] (-) TimerEvent: {}
[6.419123] (-) TimerEvent: {}
[6.519431] (-) TimerEvent: {}
[6.619748] (-) TimerEvent: {}
[6.720041] (-) TimerEvent: {}
[6.771266] (my_robot_interfaces) StdoutLine: {'line': b'[ 81%] Built target my_robot_interfaces__py\n'}
[6.792158] (my_robot_interfaces) StdoutLine: {'line': b'[ 83%] \x1b[32mBuilding C object CMakeFiles/my_robot_interfaces__rosidl_generator_py.dir/rosidl_generator_py/my_robot_interfaces/action/_count_until_s.c.o\x1b[0m\n'}
[6.794631] (my_robot_interfaces) StdoutLine: {'line': b'[ 87%] \x1b[32mBuilding C object CMakeFiles/my_robot_interfaces__rosidl_generator_py.dir/rosidl_generator_py/my_robot_interfaces/srv/_reset_counter_s.c.o\x1b[0m\n'}
[6.794877] (my_robot_interfaces) StdoutLine: {'line': b'[ 87%] \x1b[32mBuilding C object CMakeFiles/my_robot_interfaces__rosidl_generator_py.dir/rosidl_generator_py/my_robot_interfaces/msg/_hardware_status_s.c.o\x1b[0m\n'}
[6.820165] (-) TimerEvent: {}
[6.920464] (-) TimerEvent: {}
[6.958557] (my_robot_interfaces) StdoutLine: {'line': b'[ 89%] \x1b[32m\x1b[1mLinking C shared library libmy_robot_interfaces__rosidl_generator_py.so\x1b[0m\n'}
[6.996143] (my_robot_interfaces) StdoutLine: {'line': b'[ 89%] Built target my_robot_interfaces__rosidl_generator_py\n'}
[7.012790] (my_robot_interfaces) StdoutLine: {'line': b'[ 90%] \x1b[32mBuilding C object CMakeFiles/my_robot_interfaces_s__rosidl_typesupport_c.dir/rosidl_generator_py/my_robot_interfaces/_my_robot_interfaces_s.ep.rosidl_typesupport_c.c.o\x1b[0m\n'}
[7.016206] (my_robot_interfaces) StdoutLine: {'line': b'[ 92%] \x1b[32mBuilding C object CMakeFiles/my_robot_interfaces_s__rosidl_typesupport_fastrtps_c.dir/rosidl_generator_py/my_robot_interfaces/_my_robot_interfaces_s.ep.rosidl_typesupport_fastrtps_c.c.o\x1b[0m\n'}
[7.016378] (my_robot_interfaces) StdoutLine: {'line': b'[ 94%] \x1b[32mBuilding C object CMakeFiles/my_robot_interfaces_s__rosidl_typesupport_introspection_c.dir/rosidl_generator_py/my_robot_interfaces/_my_robot_interfaces_s.ep.rosidl_typesupport_introspection_c.c.o\x1b[0m\n'}
[7.020570] (-) TimerEvent: {}
[7.111881] (my_robot_interfaces) StdoutLine: {'line': b'[ 96%] \x1b[32m\x1b[1mLinking C shared module rosidl_generator_py/my_robot_interfaces/my_robot_interfaces_s__rosidl_typesupport_c.so\x1b[0m\n'}
[7.112875] (my_robot_interfaces) StdoutLine: {'line': b'[ 98%] \x1b[32m\x1b[1mLinking C shared module rosidl_generator_py/my_robot_interfaces/my_robot_interfaces_s__rosidl_typesupport_fastrtps_c.so\x1b[0m\n'}
[7.119196] (my_robot_interfaces) StdoutLine: {'line': b'[100%] \x1b[32m\x1b[1mLinking C shared module rosidl_generator_py/my_robot_interfaces/my_robot_interfaces_s__rosidl_typesupport_introspection_c.so\x1b[0m\n'}
[7.120659] (-) TimerEvent: {}
[7.140364] (my_robot_interfaces) StdoutLine: {'line': b'[100%] Built target my_robot_interfaces_s__rosidl_typesupport_c\n'}
[7.140623] (my_robot_interfaces) StdoutLine: {'line': b'[100%] Built target my_robot_interfaces_s__rosidl_typesupport_fastrtps_c\n'}
[7.145671] (my_robot_interfaces) StdoutLine: {'line': b'[100%] Built target my_robot_interfaces_s__rosidl_typesupport_introspection_c\n'}
[7.154618] (my_robot_interfaces) CommandEnded: {'returncode': 0}
[7.155218] (my_robot_interfaces) JobProgress: {'identifier': 'my_robot_interfaces', 'progress': 'install'}
[7.162702] (my_robot_interfaces) Command: {'cmd': ['/usr/bin/cmake', '--install', '/home/thanhtd71/ros2_ws/src/my_robot_interfaces/build/my_robot_interfaces'], 'cwd': '/home/thanhtd71/ros2_ws/src/my_robot_interfaces/build/my_robot_interfaces', 'env': OrderedDict({'GJS_DEBUG_TOPICS': 'JS ERROR;JS LOG', 'XDG_ACTIVATION_TOKEN': 'gnome-shell/Terminator/2992-2-thanhtd71-IdeaPad-Slim-3-14IRH10_TIME4367541', 'LESSOPEN': '| /usr/bin/lesspipe %s', 'GZ_SIM_RESOURCE_PATH': '/opt/ros/jazzy/share', 'USER': 'thanhtd71', 'GZ_CONFIG_PATH': '/opt/ros/jazzy/opt/gz_sim_vendor/share/gz:/opt/ros/jazzy/opt/sdformat_vendor/share/gz:/opt/ros/jazzy/opt/gz_gui_vendor/share/gz:/opt/ros/jazzy/opt/gz_transport_vendor/share/gz:/opt/ros/jazzy/opt/gz_rendering_vendor/share/gz:/opt/ros/jazzy/opt/gz_plugin_vendor/share/gz:/opt/ros/jazzy/opt/gz_fuel_tools_vendor/share/gz:/opt/ros/jazzy/opt/gz_msgs_vendor/share/gz:/opt/ros/jazzy/opt/gz_common_vendor/share/gz', 'XDG_SESSION_TYPE': 'x11', 'CLUTTER_DISABLE_MIPMAPPED_TEXT': '1', 'SHLVL': '1', 'LD_LIBRARY_PATH': '/home/thanhtd71/ros2_ws/install/px4_msgs/lib:/home/thanhtd71/ros2_ws/install/my_robot_interfaces/lib:/home/thanhtd71/ros2_ws/install/microxrcedds_agent/lib:/opt/ros/jazzy/opt/gz_sim_vendor/lib:/opt/ros/jazzy/opt/gz_sensors_vendor/lib:/opt/ros/jazzy/opt/gz_physics_vendor/lib:/opt/ros/jazzy/opt/sdformat_vendor/lib:/opt/ros/jazzy/opt/rviz_ogre_vendor/lib:/opt/ros/jazzy/lib/x86_64-linux-gnu:/opt/ros/jazzy/opt/gz_gui_vendor/lib:/opt/ros/jazzy/opt/gz_transport_vendor/lib:/opt/ros/jazzy/opt/gz_rendering_vendor/lib:/opt/ros/jazzy/opt/gz_plugin_vendor/lib:/opt/ros/jazzy/opt/gz_fuel_tools_vendor/lib:/opt/ros/jazzy/opt/gz_msgs_vendor/lib:/opt/ros/jazzy/opt/gz_common_vendor/lib:/opt/ros/jazzy/opt/gz_math_vendor/lib:/opt/ros/jazzy/opt/gz_utils_vendor/lib:/opt/ros/jazzy/opt/gz_tools_vendor/lib:/opt/ros/jazzy/opt/gz_ogre_next_vendor/lib:/opt/ros/jazzy/opt/gz_dartsim_vendor/lib:/opt/ros/jazzy/opt/gz_cmake_vendor/lib:/opt/ros/jazzy/lib', 'HOME': '/home/thanhtd71', 'CONDA_SHLVL': '0', 'OLDPWD': '/home/thanhtd71/ros2_ws/src/my_robot_interfaces/action', 'DESKTOP_SESSION': 'ubuntu-xorg', 'NVM_BIN': '/home/thanhtd71/.nvm/versions/node/v24.19.0/bin', 'NVM_INC': '/home/thanhtd71/.nvm/versions/node/v24.19.0/include/node', 'GIO_LAUNCHED_DESKTOP_FILE': '/usr/share/applications/terminator.desktop', 'ROS_PYTHON_VERSION': '3', 'GNOME_SHELL_SESSION_MODE': 'ubuntu', 'GTK_MODULES': 'gail:atk-bridge', 'MANAGERPID': '2559', 'SYSTEMD_EXEC_PID': '2992', 'GSM_SKIP_SSH_AGENT_WORKAROUND': 'true', 'DBUS_SESSION_BUS_ADDRESS': 'unix:path=/run/user/1000/bus', 'COLORTERM': 'truecolor', '_CE_M': '', 'TERMINATOR_DBUS_NAME': 'net.tenshu.Terminator21a9d5db22c73a993ff0b42f64b396873', '_CONDA_ROOT': '/home/thanhtd71/miniconda3', 'GIO_LAUNCHED_DESKTOP_FILE_PID': '67583', 'NVM_DIR': '/home/thanhtd71/.nvm', 'DEBUGINFOD_URLS': 'https://debuginfod.ubuntu.com', 'COLCON_PREFIX_PATH': '/home/thanhtd71/ros2_ws/install', 'ROS_DISTRO': 'jazzy', 'LOGNAME': 'thanhtd71', 'JOURNAL_STREAM': '10:27088', '_': '/usr/bin/colcon', 'ROS_VERSION': '2', 'MEMORY_PRESSURE_WATCH': '/sys/fs/cgroup/user.slice/user-1000.slice/user@1000.service/session.slice/org.gnome.Shell@x11.service/memory.pressure', 'XDG_SESSION_CLASS': 'user', 'USERNAME': 'thanhtd71', 'TERM': 'xterm-256color', 'GNOME_DESKTOP_SESSION_ID': 'this-is-deprecated', '_CE_CONDA': '', 'WINDOWPATH': '2', 'PATH': '/home/thanhtd71/miniconda3/condabin:/home/thanhtd71/.nvm/versions/node/v24.19.0/bin:/home/thanhtd71/.local/bin:/home/thanhtd71/ros2_ws/install/microxrcedds_agent/bin:/opt/ros/jazzy/opt/gz_msgs_vendor/bin:/opt/ros/jazzy/opt/gz_tools_vendor/bin:/opt/ros/jazzy/opt/gz_ogre_next_vendor/bin:/opt/ros/jazzy/bin:/home/thanhtd71/.local/bin:/usr/local/sbin:/usr/local/bin:/usr/sbin:/usr/bin:/sbin:/bin:/usr/games:/usr/local/games:/snap/bin:/snap/bin:/opt/xtensa-esp-elf/bin/', 'SESSION_MANAGER': 'local/thanhtd71-IdeaPad-Slim-3-14IRH10:@/tmp/.ICE-unix/2950,unix/thanhtd71-IdeaPad-Slim-3-14IRH10:/tmp/.ICE-unix/2950', 'INVOCATION_ID': 'ea246a10d004432a91ca6b98beb2c808', 'XDG_MENU_PREFIX': 'gnome-', 'XDG_RUNTIME_DIR': '/run/user/1000', 'DISPLAY': ':0', 'TERMINATOR_DBUS_PATH': '/net/tenshu/Terminator2', 'LANG': 'en_US.UTF-8', 'XDG_CURRENT_DESKTOP': 'ubuntu:GNOME', 'XMODIFIERS': '@im=ibus', 'XDG_SESSION_DESKTOP': 'ubuntu-xorg', 'XAUTHORITY': '/run/user/1000/gdm/Xauthority', 'LS_COLORS': 'rs=0:di=01;34:ln=01;36:mh=00:pi=40;33:so=01;35:do=01;35:bd=40;33;01:cd=40;33;01:or=40;31;01:mi=00:su=37;41:sg=30;43:ca=00:tw=30;42:ow=34;42:st=37;44:ex=01;32:*.tar=01;31:*.tgz=01;31:*.arc=01;31:*.arj=01;31:*.taz=01;31:*.lha=01;31:*.lz4=01;31:*.lzh=01;31:*.lzma=01;31:*.tlz=01;31:*.txz=01;31:*.tzo=01;31:*.t7z=01;31:*.zip=01;31:*.z=01;31:*.dz=01;31:*.gz=01;31:*.lrz=01;31:*.lz=01;31:*.lzo=01;31:*.xz=01;31:*.zst=01;31:*.tzst=01;31:*.bz2=01;31:*.bz=01;31:*.tbz=01;31:*.tbz2=01;31:*.tz=01;31:*.deb=01;31:*.rpm=01;31:*.jar=01;31:*.war=01;31:*.ear=01;31:*.sar=01;31:*.rar=01;31:*.alz=01;31:*.ace=01;31:*.zoo=01;31:*.cpio=01;31:*.7z=01;31:*.rz=01;31:*.cab=01;31:*.wim=01;31:*.swm=01;31:*.dwm=01;31:*.esd=01;31:*.avif=01;35:*.jpg=01;35:*.jpeg=01;35:*.mjpg=01;35:*.mjpeg=01;35:*.gif=01;35:*.bmp=01;35:*.pbm=01;35:*.pgm=01;35:*.ppm=01;35:*.tga=01;35:*.xbm=01;35:*.xpm=01;35:*.tif=01;35:*.tiff=01;35:*.png=01;35:*.svg=01;35:*.svgz=01;35:*.mng=01;35:*.pcx=01;35:*.mov=01;35:*.mpg=01;35:*.mpeg=01;35:*.m2v=01;35:*.mkv=01;35:*.webm=01;35:*.webp=01;35:*.ogm=01;35:*.mp4=01;35:*.m4v=01;35:*.mp4v=01;35:*.vob=01;35:*.qt=01;35:*.nuv=01;35:*.wmv=01;35:*.asf=01;35:*.rm=01;35:*.rmvb=01;35:*.flc=01;35:*.avi=01;35:*.fli=01;35:*.flv=01;35:*.gl=01;35:*.dl=01;35:*.xcf=01;35:*.xwd=01;35:*.yuv=01;35:*.cgm=01;35:*.emf=01;35:*.ogv=01;35:*.ogx=01;35:*.aac=00;36:*.au=00;36:*.flac=00;36:*.m4a=00;36:*.mid=00;36:*.midi=00;36:*.mka=00;36:*.mp3=00;36:*.mpc=00;36:*.ogg=00;36:*.ra=00;36:*.wav=00;36:*.oga=00;36:*.opus=00;36:*.spx=00;36:*.xspf=00;36:*~=00;90:*#=00;90:*.bak=00;90:*.crdownload=00;90:*.dpkg-dist=00;90:*.dpkg-new=00;90:*.dpkg-old=00;90:*.dpkg-tmp=00;90:*.old=00;90:*.orig=00;90:*.part=00;90:*.rej=00;90:*.rpmnew=00;90:*.rpmorig=00;90:*.rpmsave=00;90:*.swp=00;90:*.tmp=00;90:*.ucf-dist=00;90:*.ucf-new=00;90:*.ucf-old=00;90:', 'SSH_AUTH_SOCK': '/run/user/1000/keyring/ssh', 'AMENT_PREFIX_PATH': '/home/thanhtd71/ros2_ws/install/px4_msgs:/home/thanhtd71/ros2_ws/install/my_py_pkg:/home/thanhtd71/ros2_ws/install/my_cpp_pkg:/home/thanhtd71/ros2_ws/install/my_robot_interfaces:/home/thanhtd71/ros2_ws/install/my_first_pkg:/opt/ros/jazzy', 'CONDA_PYTHON_EXE': '/home/thanhtd71/miniconda3/bin/python', 'SHELL': '/bin/bash', 'TERMINATOR_UUID': 'urn:uuid:2c4d6629-22ee-4203-b585-0da5d573b807', 'QT_ACCESSIBILITY': '1', 'GDMSESSION': 'ubuntu-xorg', 'LESSCLOSE': '/usr/bin/lesspipe %s %s', 'GPG_AGENT_INFO': '/run/user/1000/gnupg/S.gpg-agent:0:1', 'GJS_DEBUG_OUTPUT': 'stderr', '_CONDA_EXE': '/home/thanhtd71/miniconda3/bin/conda', 'ROS_AUTOMATIC_DISCOVERY_RANGE': 'SUBNET', 'QT_IM_MODULE': 'ibus', 'PWD': '/home/thanhtd71/ros2_ws/src/my_robot_interfaces/build/my_robot_interfaces', 'LC_ALL': 'en_US.UTF-8', 'XDG_CONFIG_DIRS': '/etc/xdg/xdg-ubuntu-xorg:/etc/xdg', 'CONDA_EXE': '/home/thanhtd71/miniconda3/bin/conda', 'NVM_CD_FLAGS': '', 'XDG_DATA_DIRS': '/usr/share/ubuntu-xorg:/usr/share/gnome:/usr/local/share/:/usr/share/:/var/lib/snapd/desktop', 'PYTHONPATH': '/home/thanhtd71/ros2_ws/install/px4_msgs/lib/python3.12/site-packages:/home/thanhtd71/ros2_ws/install/my_py_pkg/lib/python3.12/site-packages:/home/thanhtd71/ros2_ws/install/my_robot_interfaces/lib/python3.12/site-packages:/home/thanhtd71/ros2_ws/install/my_first_pkg/lib/python3.12/site-packages:/opt/ros/jazzy/lib/python3.12/site-packages', 'COLCON': '1', 'MEMORY_PRESSURE_WRITE': 'c29tZSAyMDAwMDAgMjAwMDAwMAA=', 'VTE_VERSION': '7600', 'CMAKE_PREFIX_PATH': '/home/thanhtd71/ros2_ws/install/px4_msgs:/home/thanhtd71/ros2_ws/install/my_cpp_pkg:/home/thanhtd71/ros2_ws/install/my_robot_interfaces:/home/thanhtd71/ros2_ws/install/microxrcedds_agent:/opt/ros/jazzy/opt/gz_sim_vendor:/opt/ros/jazzy/opt/gz_sensors_vendor:/opt/ros/jazzy/opt/gz_physics_vendor:/opt/ros/jazzy/opt/sdformat_vendor:/opt/ros/jazzy/opt/gz_gui_vendor:/opt/ros/jazzy/opt/gz_transport_vendor:/opt/ros/jazzy/opt/gz_rendering_vendor:/opt/ros/jazzy/opt/gz_plugin_vendor:/opt/ros/jazzy/opt/gz_fuel_tools_vendor:/opt/ros/jazzy/opt/gz_msgs_vendor:/opt/ros/jazzy/opt/gz_common_vendor:/opt/ros/jazzy/opt/gz_math_vendor:/opt/ros/jazzy/opt/gz_utils_vendor:/opt/ros/jazzy/opt/gz_tools_vendor:/opt/ros/jazzy/opt/gz_ogre_next_vendor:/opt/ros/jazzy/opt/gz_dartsim_vendor:/opt/ros/jazzy/opt/gz_cmake_vendor:/home/thanhtd71/ros2_ws/install/my_py_pkg:/home/thanhtd71/ros2_ws/install/my_first_pkg:/opt/ros/jazzy'}), 'shell': False}
[7.171174] (my_robot_interfaces) StdoutLine: {'line': b'-- Install configuration: ""\n'}
[7.171374] (my_robot_interfaces) StdoutLine: {'line': b'-- Installing: /home/thanhtd71/ros2_ws/src/my_robot_interfaces/install/my_robot_interfaces/share/ament_index/resource_index/rosidl_interfaces/my_robot_interfaces\n'}
[7.171425] (my_robot_interfaces) StdoutLine: {'line': b'-- Installing: /home/thanhtd71/ros2_ws/src/my_robot_interfaces/install/my_robot_interfaces/share/my_robot_interfaces/msg/HardwareStatus.json\n'}
[7.171492] (my_robot_interfaces) StdoutLine: {'line': b'-- Installing: /home/thanhtd71/ros2_ws/src/my_robot_interfaces/install/my_robot_interfaces/share/my_robot_interfaces/srv/ResetCounter.json\n'}
[7.171554] (my_robot_interfaces) StdoutLine: {'line': b'-- Installing: /home/thanhtd71/ros2_ws/src/my_robot_interfaces/install/my_robot_interfaces/share/my_robot_interfaces/action/CountUntil.json\n'}
[7.171619] (my_robot_interfaces) StdoutLine: {'line': b'-- Installing: /home/thanhtd71/ros2_ws/src/my_robot_interfaces/install/my_robot_interfaces/include/my_robot_interfaces/my_robot_interfaces\n'}
[7.171686] (my_robot_interfaces) StdoutLine: {'line': b'-- Installing: /home/thanhtd71/ros2_ws/src/my_robot_interfaces/install/my_robot_interfaces/include/my_robot_interfaces/my_robot_interfaces/msg\n'}
[7.171727] (my_robot_interfaces) StdoutLine: {'line': b'-- Installing: /home/thanhtd71/ros2_ws/src/my_robot_interfaces/install/my_robot_interfaces/include/my_robot_interfaces/my_robot_interfaces/msg/detail\n'}
[7.171785] (my_robot_interfaces) StdoutLine: {'line': b'-- Installing: /home/thanhtd71/ros2_ws/src/my_robot_interfaces/install/my_robot_interfaces/include/my_robot_interfaces/my_robot_interfaces/msg/detail/hardware_status__type_support.h\n'}
[7.171850] (my_robot_interfaces) StdoutLine: {'line': b'-- Installing: /home/thanhtd71/ros2_ws/src/my_robot_interfaces/install/my_robot_interfaces/include/my_robot_interfaces/my_robot_interfaces/msg/detail/hardware_status__description.c\n'}
[7.171893] (my_robot_interfaces) StdoutLine: {'line': b'-- Installing: /home/thanhtd71/ros2_ws/src/my_robot_interfaces/install/my_robot_interfaces/include/my_robot_interfaces/my_robot_interfaces/msg/detail/hardware_status__type_support.c\n'}
[7.171933] (my_robot_interfaces) StdoutLine: {'line': b'-- Installing: /home/thanhtd71/ros2_ws/src/my_robot_interfaces/install/my_robot_interfaces/include/my_robot_interfaces/my_robot_interfaces/msg/detail/hardware_status__struct.h\n'}
[7.171991] (my_robot_interfaces) StdoutLine: {'line': b'-- Installing: /home/thanhtd71/ros2_ws/src/my_robot_interfaces/install/my_robot_interfaces/include/my_robot_interfaces/my_robot_interfaces/msg/detail/hardware_status__functions.h\n'}
[7.172062] (my_robot_interfaces) StdoutLine: {'line': b'-- Installing: /home/thanhtd71/ros2_ws/src/my_robot_interfaces/install/my_robot_interfaces/include/my_robot_interfaces/my_robot_interfaces/msg/detail/hardware_status__functions.c\n'}
[7.172105] (my_robot_interfaces) StdoutLine: {'line': b'-- Installing: /home/thanhtd71/ros2_ws/src/my_robot_interfaces/install/my_robot_interfaces/include/my_robot_interfaces/my_robot_interfaces/msg/hardware_status.h\n'}
[7.172144] (my_robot_interfaces) StdoutLine: {'line': b'-- Installing: /home/thanhtd71/ros2_ws/src/my_robot_interfaces/install/my_robot_interfaces/include/my_robot_interfaces/my_robot_interfaces/msg/rosidl_generator_c__visibility_control.h\n'}
[7.172184] (my_robot_interfaces) StdoutLine: {'line': b'-- Installing: /home/thanhtd71/ros2_ws/src/my_robot_interfaces/install/my_robot_interfaces/include/my_robot_interfaces/my_robot_interfaces/srv\n'}
[7.172244] (my_robot_interfaces) StdoutLine: {'line': b'-- Installing: /home/thanhtd71/ros2_ws/src/my_robot_interfaces/install/my_robot_interfaces/include/my_robot_interfaces/my_robot_interfaces/srv/reset_counter.h\n'}
[7.172283] (my_robot_interfaces) StdoutLine: {'line': b'-- Installing: /home/thanhtd71/ros2_ws/src/my_robot_interfaces/install/my_robot_interfaces/include/my_robot_interfaces/my_robot_interfaces/srv/detail\n'}
[7.172349] (my_robot_interfaces) StdoutLine: {'line': b'-- Installing: /home/thanhtd71/ros2_ws/src/my_robot_interfaces/install/my_robot_interfaces/include/my_robot_interfaces/my_robot_interfaces/srv/detail/reset_counter__functions.c\n'}
[7.172394] (my_robot_interfaces) StdoutLine: {'line': b'-- Installing: /home/thanhtd71/ros2_ws/src/my_robot_interfaces/install/my_robot_interfaces/include/my_robot_interfaces/my_robot_interfaces/srv/detail/reset_counter__type_support.c\n'}
[7.172436] (my_robot_interfaces) StdoutLine: {'line': b'-- Installing: /home/thanhtd71/ros2_ws/src/my_robot_interfaces/install/my_robot_interfaces/include/my_robot_interfaces/my_robot_interfaces/srv/detail/reset_counter__type_support.h\n'}
[7.172476] (my_robot_interfaces) StdoutLine: {'line': b'-- Installing: /home/thanhtd71/ros2_ws/src/my_robot_interfaces/install/my_robot_interfaces/include/my_robot_interfaces/my_robot_interfaces/srv/detail/reset_counter__functions.h\n'}
[7.172540] (my_robot_interfaces) StdoutLine: {'line': b'-- Installing: /home/thanhtd71/ros2_ws/src/my_robot_interfaces/install/my_robot_interfaces/include/my_robot_interfaces/my_robot_interfaces/srv/detail/reset_counter__struct.h\n'}
[7.172582] (my_robot_interfaces) StdoutLine: {'line': b'-- Installing: /home/thanhtd71/ros2_ws/src/my_robot_interfaces/install/my_robot_interfaces/include/my_robot_interfaces/my_robot_interfaces/srv/detail/reset_counter__description.c\n'}
[7.172669] (my_robot_interfaces) StdoutLine: {'line': b'-- Installing: /home/thanhtd71/ros2_ws/src/my_robot_interfaces/install/my_robot_interfaces/include/my_robot_interfaces/my_robot_interfaces/action\n'}
[7.172712] (my_robot_interfaces) StdoutLine: {'line': b'-- Installing: /home/thanhtd71/ros2_ws/src/my_robot_interfaces/install/my_robot_interfaces/include/my_robot_interfaces/my_robot_interfaces/action/count_until.h\n'}
[7.172752] (my_robot_interfaces) StdoutLine: {'line': b'-- Installing: /home/thanhtd71/ros2_ws/src/my_robot_interfaces/install/my_robot_interfaces/include/my_robot_interfaces/my_robot_interfaces/action/detail\n'}
[7.172791] (my_robot_interfaces) StdoutLine: {'line': b'-- Installing: /home/thanhtd71/ros2_ws/src/my_robot_interfaces/install/my_robot_interfaces/include/my_robot_interfaces/my_robot_interfaces/action/detail/count_until__functions.h\n'}
[7.172828] (my_robot_interfaces) StdoutLine: {'line': b'-- Installing: /home/thanhtd71/ros2_ws/src/my_robot_interfaces/install/my_robot_interfaces/include/my_robot_interfaces/my_robot_interfaces/action/detail/count_until__description.c\n'}
[7.172866] (my_robot_interfaces) StdoutLine: {'line': b'-- Installing: /home/thanhtd71/ros2_ws/src/my_robot_interfaces/install/my_robot_interfaces/include/my_robot_interfaces/my_robot_interfaces/action/detail/count_until__functions.c\n'}
[7.172903] (my_robot_interfaces) StdoutLine: {'line': b'-- Installing: /home/thanhtd71/ros2_ws/src/my_robot_interfaces/install/my_robot_interfaces/include/my_robot_interfaces/my_robot_interfaces/action/detail/count_until__type_support.h\n'}
[7.172960] (my_robot_interfaces) StdoutLine: {'line': b'-- Installing: /home/thanhtd71/ros2_ws/src/my_robot_interfaces/install/my_robot_interfaces/include/my_robot_interfaces/my_robot_interfaces/action/detail/count_until__type_support.c\n'}
[7.173032] (my_robot_interfaces) StdoutLine: {'line': b'-- Installing: /home/thanhtd71/ros2_ws/src/my_robot_interfaces/install/my_robot_interfaces/include/my_robot_interfaces/my_robot_interfaces/action/detail/count_until__struct.h\n'}
[7.173072] (my_robot_interfaces) StdoutLine: {'line': b'-- Installing: /home/thanhtd71/ros2_ws/src/my_robot_interfaces/install/my_robot_interfaces/share/my_robot_interfaces/environment/library_path.sh\n'}
[7.173115] (my_robot_interfaces) StdoutLine: {'line': b'-- Installing: /home/thanhtd71/ros2_ws/src/my_robot_interfaces/install/my_robot_interfaces/share/my_robot_interfaces/environment/library_path.dsv\n'}
[7.173151] (my_robot_interfaces) StdoutLine: {'line': b'-- Installing: /home/thanhtd71/ros2_ws/src/my_robot_interfaces/install/my_robot_interfaces/lib/libmy_robot_interfaces__rosidl_generator_c.so\n'}
[7.173224] (my_robot_interfaces) StdoutLine: {'line': b'-- Set non-toolchain portion of runtime path of "/home/thanhtd71/ros2_ws/src/my_robot_interfaces/install/my_robot_interfaces/lib/libmy_robot_interfaces__rosidl_generator_c.so" to ""\n'}
[7.173286] (my_robot_interfaces) StdoutLine: {'line': b'-- Up-to-date: /home/thanhtd71/ros2_ws/src/my_robot_interfaces/install/my_robot_interfaces/include/my_robot_interfaces/my_robot_interfaces\n'}
[7.173362] (my_robot_interfaces) StdoutLine: {'line': b'-- Up-to-date: /home/thanhtd71/ros2_ws/src/my_robot_interfaces/install/my_robot_interfaces/include/my_robot_interfaces/my_robot_interfaces/msg\n'}
[7.173404] (my_robot_interfaces) StdoutLine: {'line': b'-- Up-to-date: /home/thanhtd71/ros2_ws/src/my_robot_interfaces/install/my_robot_interfaces/include/my_robot_interfaces/my_robot_interfaces/msg/detail\n'}
[7.173465] (my_robot_interfaces) StdoutLine: {'line': b'-- Installing: /home/thanhtd71/ros2_ws/src/my_robot_interfaces/install/my_robot_interfaces/include/my_robot_interfaces/my_robot_interfaces/msg/detail/hardware_status__rosidl_typesupport_fastrtps_c.h\n'}
[7.173506] (my_robot_interfaces) StdoutLine: {'line': b'-- Installing: /home/thanhtd71/ros2_ws/src/my_robot_interfaces/install/my_robot_interfaces/include/my_robot_interfaces/my_robot_interfaces/msg/rosidl_typesupport_fastrtps_c__visibility_control.h\n'}
[7.173571] (my_robot_interfaces) StdoutLine: {'line': b'-- Up-to-date: /home/thanhtd71/ros2_ws/src/my_robot_interfaces/install/my_robot_interfaces/include/my_robot_interfaces/my_robot_interfaces/srv\n'}
[7.173612] (my_robot_interfaces) StdoutLine: {'line': b'-- Up-to-date: /home/thanhtd71/ros2_ws/src/my_robot_interfaces/install/my_robot_interfaces/include/my_robot_interfaces/my_robot_interfaces/srv/detail\n'}
[7.173658] (my_robot_interfaces) StdoutLine: {'line': b'-- Installing: /home/thanhtd71/ros2_ws/src/my_robot_interfaces/install/my_robot_interfaces/include/my_robot_interfaces/my_robot_interfaces/srv/detail/reset_counter__rosidl_typesupport_fastrtps_c.h\n'}
[7.173724] (my_robot_interfaces) StdoutLine: {'line': b'-- Up-to-date: /home/thanhtd71/ros2_ws/src/my_robot_interfaces/install/my_robot_interfaces/include/my_robot_interfaces/my_robot_interfaces/action\n'}
[7.173761] (my_robot_interfaces) StdoutLine: {'line': b'-- Up-to-date: /home/thanhtd71/ros2_ws/src/my_robot_interfaces/install/my_robot_interfaces/include/my_robot_interfaces/my_robot_interfaces/action/detail\n'}
[7.173797] (my_robot_interfaces) StdoutLine: {'line': b'-- Installing: /home/thanhtd71/ros2_ws/src/my_robot_interfaces/install/my_robot_interfaces/include/my_robot_interfaces/my_robot_interfaces/action/detail/count_until__rosidl_typesupport_fastrtps_c.h\n'}
[7.173861] (my_robot_interfaces) StdoutLine: {'line': b'-- Installing: /home/thanhtd71/ros2_ws/src/my_robot_interfaces/install/my_robot_interfaces/lib/libmy_robot_interfaces__rosidl_typesupport_fastrtps_c.so\n'}
[7.173925] (my_robot_interfaces) StdoutLine: {'line': b'-- Set non-toolchain portion of runtime path of "/home/thanhtd71/ros2_ws/src/my_robot_interfaces/install/my_robot_interfaces/lib/libmy_robot_interfaces__rosidl_typesupport_fastrtps_c.so" to ""\n'}
[7.173965] (my_robot_interfaces) StdoutLine: {'line': b'-- Up-to-date: /home/thanhtd71/ros2_ws/src/my_robot_interfaces/install/my_robot_interfaces/include/my_robot_interfaces/my_robot_interfaces\n'}
[7.174003] (my_robot_interfaces) StdoutLine: {'line': b'-- Up-to-date: /home/thanhtd71/ros2_ws/src/my_robot_interfaces/install/my_robot_interfaces/include/my_robot_interfaces/my_robot_interfaces/msg\n'}
[7.174060] (my_robot_interfaces) StdoutLine: {'line': b'-- Installing: /home/thanhtd71/ros2_ws/src/my_robot_interfaces/install/my_robot_interfaces/include/my_robot_interfaces/my_robot_interfaces/msg/rosidl_typesupport_introspection_c__visibility_control.h\n'}
[7.174101] (my_robot_interfaces) StdoutLine: {'line': b'-- Up-to-date: /home/thanhtd71/ros2_ws/src/my_robot_interfaces/install/my_robot_interfaces/include/my_robot_interfaces/my_robot_interfaces/msg/detail\n'}
[7.174169] (my_robot_interfaces) StdoutLine: {'line': b'-- Up-to-date: /home/thanhtd71/ros2_ws/src/my_robot_interfaces/install/my_robot_interfaces/include/my_robot_interfaces/my_robot_interfaces/msg/detail/hardware_status__type_support.c\n'}
[7.174210] (my_robot_interfaces) StdoutLine: {'line': b'-- Installing: /home/thanhtd71/ros2_ws/src/my_robot_interfaces/install/my_robot_interfaces/include/my_robot_interfaces/my_robot_interfaces/msg/detail/hardware_status__rosidl_typesupport_introspection_c.h\n'}
[7.174252] (my_robot_interfaces) StdoutLine: {'line': b'-- Up-to-date: /home/thanhtd71/ros2_ws/src/my_robot_interfaces/install/my_robot_interfaces/include/my_robot_interfaces/my_robot_interfaces/srv\n'}
[7.174291] (my_robot_interfaces) StdoutLine: {'line': b'-- Up-to-date: /home/thanhtd71/ros2_ws/src/my_robot_interfaces/install/my_robot_interfaces/include/my_robot_interfaces/my_robot_interfaces/srv/detail\n'}
[7.174329] (my_robot_interfaces) StdoutLine: {'line': b'-- Up-to-date: /home/thanhtd71/ros2_ws/src/my_robot_interfaces/install/my_robot_interfaces/include/my_robot_interfaces/my_robot_interfaces/srv/detail/reset_counter__type_support.c\n'}
[7.174369] (my_robot_interfaces) StdoutLine: {'line': b'-- Installing: /home/thanhtd71/ros2_ws/src/my_robot_interfaces/install/my_robot_interfaces/include/my_robot_interfaces/my_robot_interfaces/srv/detail/reset_counter__rosidl_typesupport_introspection_c.h\n'}
[7.174474] (my_robot_interfaces) StdoutLine: {'line': b'-- Up-to-date: /home/thanhtd71/ros2_ws/src/my_robot_interfaces/install/my_robot_interfaces/include/my_robot_interfaces/my_robot_interfaces/action\n'}
[7.174523] (my_robot_interfaces) StdoutLine: {'line': b'-- Up-to-date: /home/thanhtd71/ros2_ws/src/my_robot_interfaces/install/my_robot_interfaces/include/my_robot_interfaces/my_robot_interfaces/action/detail\n'}
[7.174561] (my_robot_interfaces) StdoutLine: {'line': b'-- Installing: /home/thanhtd71/ros2_ws/src/my_robot_interfaces/install/my_robot_interfaces/include/my_robot_interfaces/my_robot_interfaces/action/detail/count_until__rosidl_typesupport_introspection_c.h\n'}
[7.174601] (my_robot_interfaces) StdoutLine: {'line': b'-- Up-to-date: /home/thanhtd71/ros2_ws/src/my_robot_interfaces/install/my_robot_interfaces/include/my_robot_interfaces/my_robot_interfaces/action/detail/count_until__type_support.c\n'}
[7.174687] (my_robot_interfaces) StdoutLine: {'line': b'-- Installing: /home/thanhtd71/ros2_ws/src/my_robot_interfaces/install/my_robot_interfaces/lib/libmy_robot_interfaces__rosidl_typesupport_introspection_c.so\n'}
[7.174759] (my_robot_interfaces) StdoutLine: {'line': b'-- Set non-toolchain portion of runtime path of "/home/thanhtd71/ros2_ws/src/my_robot_interfaces/install/my_robot_interfaces/lib/libmy_robot_interfaces__rosidl_typesupport_introspection_c.so" to ""\n'}
[7.174799] (my_robot_interfaces) StdoutLine: {'line': b'-- Installing: /home/thanhtd71/ros2_ws/src/my_robot_interfaces/install/my_robot_interfaces/lib/libmy_robot_interfaces__rosidl_typesupport_c.so\n'}
[7.174838] (my_robot_interfaces) StdoutLine: {'line': b'-- Set non-toolchain portion of runtime path of "/home/thanhtd71/ros2_ws/src/my_robot_interfaces/install/my_robot_interfaces/lib/libmy_robot_interfaces__rosidl_typesupport_c.so" to ""\n'}
[7.174877] (my_robot_interfaces) StdoutLine: {'line': b'-- Up-to-date: /home/thanhtd71/ros2_ws/src/my_robot_interfaces/install/my_robot_interfaces/include/my_robot_interfaces/my_robot_interfaces\n'}
[7.174933] (my_robot_interfaces) StdoutLine: {'line': b'-- Up-to-date: /home/thanhtd71/ros2_ws/src/my_robot_interfaces/install/my_robot_interfaces/include/my_robot_interfaces/my_robot_interfaces/msg\n'}
[7.174980] (my_robot_interfaces) StdoutLine: {'line': b'-- Installing: /home/thanhtd71/ros2_ws/src/my_robot_interfaces/install/my_robot_interfaces/include/my_robot_interfaces/my_robot_interfaces/msg/rosidl_generator_cpp__visibility_control.hpp\n'}
[7.175020] (my_robot_interfaces) StdoutLine: {'line': b'-- Up-to-date: /home/thanhtd71/ros2_ws/src/my_robot_interfaces/install/my_robot_interfaces/include/my_robot_interfaces/my_robot_interfaces/msg/detail\n'}
[7.175123] (my_robot_interfaces) StdoutLine: {'line': b'-- Installing: /home/thanhtd71/ros2_ws/src/my_robot_interfaces/install/my_robot_interfaces/include/my_robot_interfaces/my_robot_interfaces/msg/detail/hardware_status__type_support.hpp\n'}
[7.175200] (my_robot_interfaces) StdoutLine: {'line': b'-- Installing: /home/thanhtd71/ros2_ws/src/my_robot_interfaces/install/my_robot_interfaces/include/my_robot_interfaces/my_robot_interfaces/msg/detail/hardware_status__traits.hpp\n'}
[7.175242] (my_robot_interfaces) StdoutLine: {'line': b'-- Installing: /home/thanhtd71/ros2_ws/src/my_robot_interfaces/install/my_robot_interfaces/include/my_robot_interfaces/my_robot_interfaces/msg/detail/hardware_status__builder.hpp\n'}
[7.175284] (my_robot_interfaces) StdoutLine: {'line': b'-- Installing: /home/thanhtd71/ros2_ws/src/my_robot_interfaces/install/my_robot_interfaces/include/my_robot_interfaces/my_robot_interfaces/msg/detail/hardware_status__struct.hpp\n'}
[7.175373] (my_robot_interfaces) StdoutLine: {'line': b'-- Installing: /home/thanhtd71/ros2_ws/src/my_robot_interfaces/install/my_robot_interfaces/include/my_robot_interfaces/my_robot_interfaces/msg/hardware_status.hpp\n'}
[7.175445] (my_robot_interfaces) StdoutLine: {'line': b'-- Up-to-date: /home/thanhtd71/ros2_ws/src/my_robot_interfaces/install/my_robot_interfaces/include/my_robot_interfaces/my_robot_interfaces/srv\n'}
[7.175491] (my_robot_interfaces) StdoutLine: {'line': b'-- Installing: /home/thanhtd71/ros2_ws/src/my_robot_interfaces/install/my_robot_interfaces/include/my_robot_interfaces/my_robot_interfaces/srv/reset_counter.hpp\n'}
[7.175538] (my_robot_interfaces) StdoutLine: {'line': b'-- Up-to-date: /home/thanhtd71/ros2_ws/src/my_robot_interfaces/install/my_robot_interfaces/include/my_robot_interfaces/my_robot_interfaces/srv/detail\n'}
[7.175586] (my_robot_interfaces) StdoutLine: {'line': b'-- Installing: /home/thanhtd71/ros2_ws/src/my_robot_interfaces/install/my_robot_interfaces/include/my_robot_interfaces/my_robot_interfaces/srv/detail/reset_counter__type_support.hpp\n'}
[7.175632] (my_robot_interfaces) StdoutLine: {'line': b'-- Installing: /home/thanhtd71/ros2_ws/src/my_robot_interfaces/install/my_robot_interfaces/include/my_robot_interfaces/my_robot_interfaces/srv/detail/reset_counter__struct.hpp\n'}
[7.175685] (my_robot_interfaces) StdoutLine: {'line': b'-- Installing: /home/thanhtd71/ros2_ws/src/my_robot_interfaces/install/my_robot_interfaces/include/my_robot_interfaces/my_robot_interfaces/srv/detail/reset_counter__traits.hpp\n'}
[7.175730] (my_robot_interfaces) StdoutLine: {'line': b'-- Installing: /home/thanhtd71/ros2_ws/src/my_robot_interfaces/install/my_robot_interfaces/include/my_robot_interfaces/my_robot_interfaces/srv/detail/reset_counter__builder.hpp\n'}
[7.175774] (my_robot_interfaces) StdoutLine: {'line': b'-- Up-to-date: /home/thanhtd71/ros2_ws/src/my_robot_interfaces/install/my_robot_interfaces/include/my_robot_interfaces/my_robot_interfaces/action\n'}
[7.175831] (my_robot_interfaces) StdoutLine: {'line': b'-- Up-to-date: /home/thanhtd71/ros2_ws/src/my_robot_interfaces/install/my_robot_interfaces/include/my_robot_interfaces/my_robot_interfaces/action/detail\n'}
[7.175881] (my_robot_interfaces) StdoutLine: {'line': b'-- Installing: /home/thanhtd71/ros2_ws/src/my_robot_interfaces/install/my_robot_interfaces/include/my_robot_interfaces/my_robot_interfaces/action/detail/count_until__struct.hpp\n'}
[7.175928] (my_robot_interfaces) StdoutLine: {'line': b'-- Installing: /home/thanhtd71/ros2_ws/src/my_robot_interfaces/install/my_robot_interfaces/include/my_robot_interfaces/my_robot_interfaces/action/detail/count_until__traits.hpp\n'}
[7.176011] (my_robot_interfaces) StdoutLine: {'line': b'-- Installing: /home/thanhtd71/ros2_ws/src/my_robot_interfaces/install/my_robot_interfaces/include/my_robot_interfaces/my_robot_interfaces/action/detail/count_until__builder.hpp\n'}
[7.176062] (my_robot_interfaces) StdoutLine: {'line': b'-- Installing: /home/thanhtd71/ros2_ws/src/my_robot_interfaces/install/my_robot_interfaces/include/my_robot_interfaces/my_robot_interfaces/action/detail/count_until__type_support.hpp\n'}
[7.176109] (my_robot_interfaces) StdoutLine: {'line': b'-- Installing: /home/thanhtd71/ros2_ws/src/my_robot_interfaces/install/my_robot_interfaces/include/my_robot_interfaces/my_robot_interfaces/action/count_until.hpp\n'}
[7.176166] (my_robot_interfaces) StdoutLine: {'line': b'-- Up-to-date: /home/thanhtd71/ros2_ws/src/my_robot_interfaces/install/my_robot_interfaces/include/my_robot_interfaces/my_robot_interfaces\n'}
[7.176211] (my_robot_interfaces) StdoutLine: {'line': b'-- Up-to-date: /home/thanhtd71/ros2_ws/src/my_robot_interfaces/install/my_robot_interfaces/include/my_robot_interfaces/my_robot_interfaces/msg\n'}
[7.176253] (my_robot_interfaces) StdoutLine: {'line': b'-- Installing: /home/thanhtd71/ros2_ws/src/my_robot_interfaces/install/my_robot_interfaces/include/my_robot_interfaces/my_robot_interfaces/msg/rosidl_typesupport_fastrtps_cpp__visibility_control.h\n'}
[7.176298] (my_robot_interfaces) StdoutLine: {'line': b'-- Up-to-date: /home/thanhtd71/ros2_ws/src/my_robot_interfaces/install/my_robot_interfaces/include/my_robot_interfaces/my_robot_interfaces/msg/detail\n'}
[7.176340] (my_robot_interfaces) StdoutLine: {'line': b'-- Installing: /home/thanhtd71/ros2_ws/src/my_robot_interfaces/install/my_robot_interfaces/include/my_robot_interfaces/my_robot_interfaces/msg/detail/hardware_status__rosidl_typesupport_fastrtps_cpp.hpp\n'}
[7.176379] (my_robot_interfaces) StdoutLine: {'line': b'-- Installing: /home/thanhtd71/ros2_ws/src/my_robot_interfaces/install/my_robot_interfaces/include/my_robot_interfaces/my_robot_interfaces/msg/detail/dds_fastrtps\n'}
[7.176428] (my_robot_interfaces) StdoutLine: {'line': b'-- Up-to-date: /home/thanhtd71/ros2_ws/src/my_robot_interfaces/install/my_robot_interfaces/include/my_robot_interfaces/my_robot_interfaces/srv\n'}
[7.176464] (my_robot_interfaces) StdoutLine: {'line': b'-- Up-to-date: /home/thanhtd71/ros2_ws/src/my_robot_interfaces/install/my_robot_interfaces/include/my_robot_interfaces/my_robot_interfaces/srv/detail\n'}
[7.176503] (my_robot_interfaces) StdoutLine: {'line': b'-- Installing: /home/thanhtd71/ros2_ws/src/my_robot_interfaces/install/my_robot_interfaces/include/my_robot_interfaces/my_robot_interfaces/srv/detail/reset_counter__rosidl_typesupport_fastrtps_cpp.hpp\n'}
[7.176538] (my_robot_interfaces) StdoutLine: {'line': b'-- Installing: /home/thanhtd71/ros2_ws/src/my_robot_interfaces/install/my_robot_interfaces/include/my_robot_interfaces/my_robot_interfaces/srv/detail/dds_fastrtps\n'}
[7.176573] (my_robot_interfaces) StdoutLine: {'line': b'-- Up-to-date: /home/thanhtd71/ros2_ws/src/my_robot_interfaces/install/my_robot_interfaces/include/my_robot_interfaces/my_robot_interfaces/action\n'}
[7.176611] (my_robot_interfaces) StdoutLine: {'line': b'-- Up-to-date: /home/thanhtd71/ros2_ws/src/my_robot_interfaces/install/my_robot_interfaces/include/my_robot_interfaces/my_robot_interfaces/action/detail\n'}
[7.176656] (my_robot_interfaces) StdoutLine: {'line': b'-- Installing: /home/thanhtd71/ros2_ws/src/my_robot_interfaces/install/my_robot_interfaces/include/my_robot_interfaces/my_robot_interfaces/action/detail/count_until__rosidl_typesupport_fastrtps_cpp.hpp\n'}
[7.176730] (my_robot_interfaces) StdoutLine: {'line': b'-- Installing: /home/thanhtd71/ros2_ws/src/my_robot_interfaces/install/my_robot_interfaces/include/my_robot_interfaces/my_robot_interfaces/action/detail/dds_fastrtps\n'}
[7.176815] (my_robot_interfaces) StdoutLine: {'line': b'-- Installing: /home/thanhtd71/ros2_ws/src/my_robot_interfaces/install/my_robot_interfaces/lib/libmy_robot_interfaces__rosidl_typesupport_fastrtps_cpp.so\n'}
[7.176858] (my_robot_interfaces) StdoutLine: {'line': b'-- Set non-toolchain portion of runtime path of "/home/thanhtd71/ros2_ws/src/my_robot_interfaces/install/my_robot_interfaces/lib/libmy_robot_interfaces__rosidl_typesupport_fastrtps_cpp.so" to ""\n'}
[7.176897] (my_robot_interfaces) StdoutLine: {'line': b'-- Up-to-date: /home/thanhtd71/ros2_ws/src/my_robot_interfaces/install/my_robot_interfaces/include/my_robot_interfaces/my_robot_interfaces\n'}
[7.176933] (my_robot_interfaces) StdoutLine: {'line': b'-- Up-to-date: /home/thanhtd71/ros2_ws/src/my_robot_interfaces/install/my_robot_interfaces/include/my_robot_interfaces/my_robot_interfaces/msg\n'}
[7.176972] (my_robot_interfaces) StdoutLine: {'line': b'-- Up-to-date: /home/thanhtd71/ros2_ws/src/my_robot_interfaces/install/my_robot_interfaces/include/my_robot_interfaces/my_robot_interfaces/msg/detail\n'}
[7.177011] (my_robot_interfaces) StdoutLine: {'line': b'-- Installing: /home/thanhtd71/ros2_ws/src/my_robot_interfaces/install/my_robot_interfaces/include/my_robot_interfaces/my_robot_interfaces/msg/detail/hardware_status__type_support.cpp\n'}
[7.177050] (my_robot_interfaces) StdoutLine: {'line': b'-- Installing: /home/thanhtd71/ros2_ws/src/my_robot_interfaces/install/my_robot_interfaces/include/my_robot_interfaces/my_robot_interfaces/msg/detail/hardware_status__rosidl_typesupport_introspection_cpp.hpp\n'}
[7.177088] (my_robot_interfaces) StdoutLine: {'line': b'-- Up-to-date: /home/thanhtd71/ros2_ws/src/my_robot_interfaces/install/my_robot_interfaces/include/my_robot_interfaces/my_robot_interfaces/srv\n'}
[7.177126] (my_robot_interfaces) StdoutLine: {'line': b'-- Up-to-date: /home/thanhtd71/ros2_ws/src/my_robot_interfaces/install/my_robot_interfaces/include/my_robot_interfaces/my_robot_interfaces/srv/detail\n'}
[7.177163] (my_robot_interfaces) StdoutLine: {'line': b'-- Installing: /home/thanhtd71/ros2_ws/src/my_robot_interfaces/install/my_robot_interfaces/include/my_robot_interfaces/my_robot_interfaces/srv/detail/reset_counter__rosidl_typesupport_introspection_cpp.hpp\n'}
[7.177204] (my_robot_interfaces) StdoutLine: {'line': b'-- Installing: /home/thanhtd71/ros2_ws/src/my_robot_interfaces/install/my_robot_interfaces/include/my_robot_interfaces/my_robot_interfaces/srv/detail/reset_counter__type_support.cpp\n'}
[7.177239] (my_robot_interfaces) StdoutLine: {'line': b'-- Up-to-date: /home/thanhtd71/ros2_ws/src/my_robot_interfaces/install/my_robot_interfaces/include/my_robot_interfaces/my_robot_interfaces/action\n'}
[7.177298] (my_robot_interfaces) StdoutLine: {'line': b'-- Up-to-date: /home/thanhtd71/ros2_ws/src/my_robot_interfaces/install/my_robot_interfaces/include/my_robot_interfaces/my_robot_interfaces/action/detail\n'}
[7.177347] (my_robot_interfaces) StdoutLine: {'line': b'-- Installing: /home/thanhtd71/ros2_ws/src/my_robot_interfaces/install/my_robot_interfaces/include/my_robot_interfaces/my_robot_interfaces/action/detail/count_until__rosidl_typesupport_introspection_cpp.hpp\n'}
[7.177383] (my_robot_interfaces) StdoutLine: {'line': b'-- Installing: /home/thanhtd71/ros2_ws/src/my_robot_interfaces/install/my_robot_interfaces/include/my_robot_interfaces/my_robot_interfaces/action/detail/count_until__type_support.cpp\n'}
[7.177420] (my_robot_interfaces) StdoutLine: {'line': b'-- Installing: /home/thanhtd71/ros2_ws/src/my_robot_interfaces/install/my_robot_interfaces/lib/libmy_robot_interfaces__rosidl_typesupport_introspection_cpp.so\n'}
[7.177455] (my_robot_interfaces) StdoutLine: {'line': b'-- Set non-toolchain portion of runtime path of "/home/thanhtd71/ros2_ws/src/my_robot_interfaces/install/my_robot_interfaces/lib/libmy_robot_interfaces__rosidl_typesupport_introspection_cpp.so" to ""\n'}
[7.177493] (my_robot_interfaces) StdoutLine: {'line': b'-- Installing: /home/thanhtd71/ros2_ws/src/my_robot_interfaces/install/my_robot_interfaces/lib/libmy_robot_interfaces__rosidl_typesupport_cpp.so\n'}
[7.177581] (my_robot_interfaces) StdoutLine: {'line': b'-- Set non-toolchain portion of runtime path of "/home/thanhtd71/ros2_ws/src/my_robot_interfaces/install/my_robot_interfaces/lib/libmy_robot_interfaces__rosidl_typesupport_cpp.so" to ""\n'}
[7.177690] (my_robot_interfaces) StdoutLine: {'line': b'-- Installing: /home/thanhtd71/ros2_ws/src/my_robot_interfaces/install/my_robot_interfaces/share/my_robot_interfaces/environment/pythonpath.sh\n'}
[7.177732] (my_robot_interfaces) StdoutLine: {'line': b'-- Installing: /home/thanhtd71/ros2_ws/src/my_robot_interfaces/install/my_robot_interfaces/share/my_robot_interfaces/environment/pythonpath.dsv\n'}
[7.177780] (my_robot_interfaces) StdoutLine: {'line': b'-- Installing: /home/thanhtd71/ros2_ws/src/my_robot_interfaces/install/my_robot_interfaces/lib/python3.12/site-packages/my_robot_interfaces-0.0.0-py3.12.egg-info\n'}
[7.177833] (my_robot_interfaces) StdoutLine: {'line': b'-- Installing: /home/thanhtd71/ros2_ws/src/my_robot_interfaces/install/my_robot_interfaces/lib/python3.12/site-packages/my_robot_interfaces-0.0.0-py3.12.egg-info/SOURCES.txt\n'}
[7.177896] (my_robot_interfaces) StdoutLine: {'line': b'-- Installing: /home/thanhtd71/ros2_ws/src/my_robot_interfaces/install/my_robot_interfaces/lib/python3.12/site-packages/my_robot_interfaces-0.0.0-py3.12.egg-info/dependency_links.txt\n'}
[7.178031] (my_robot_interfaces) StdoutLine: {'line': b'-- Installing: /home/thanhtd71/ros2_ws/src/my_robot_interfaces/install/my_robot_interfaces/lib/python3.12/site-packages/my_robot_interfaces-0.0.0-py3.12.egg-info/PKG-INFO\n'}
[7.178090] (my_robot_interfaces) StdoutLine: {'line': b'-- Installing: /home/thanhtd71/ros2_ws/src/my_robot_interfaces/install/my_robot_interfaces/lib/python3.12/site-packages/my_robot_interfaces-0.0.0-py3.12.egg-info/top_level.txt\n'}
[7.178144] (my_robot_interfaces) StdoutLine: {'line': b'-- Installing: /home/thanhtd71/ros2_ws/src/my_robot_interfaces/install/my_robot_interfaces/lib/python3.12/site-packages/my_robot_interfaces\n'}
[7.178195] (my_robot_interfaces) StdoutLine: {'line': b'-- Installing: /home/thanhtd71/ros2_ws/src/my_robot_interfaces/install/my_robot_interfaces/lib/python3.12/site-packages/my_robot_interfaces/my_robot_interfaces_s__rosidl_typesupport_fastrtps_c.so\n'}
[7.178263] (my_robot_interfaces) StdoutLine: {'line': b'-- Installing: /home/thanhtd71/ros2_ws/src/my_robot_interfaces/install/my_robot_interfaces/lib/python3.12/site-packages/my_robot_interfaces/my_robot_interfaces_s__rosidl_typesupport_c.so\n'}
[7.178347] (my_robot_interfaces) StdoutLine: {'line': b'-- Installing: /home/thanhtd71/ros2_ws/src/my_robot_interfaces/install/my_robot_interfaces/lib/python3.12/site-packages/my_robot_interfaces/msg\n'}
[7.178395] (my_robot_interfaces) StdoutLine: {'line': b'-- Installing: /home/thanhtd71/ros2_ws/src/my_robot_interfaces/install/my_robot_interfaces/lib/python3.12/site-packages/my_robot_interfaces/msg/_hardware_status_s.c\n'}
[7.178448] (my_robot_interfaces) StdoutLine: {'line': b'-- Installing: /home/thanhtd71/ros2_ws/src/my_robot_interfaces/install/my_robot_interfaces/lib/python3.12/site-packages/my_robot_interfaces/msg/_hardware_status.py\n'}
[7.178499] (my_robot_interfaces) StdoutLine: {'line': b'-- Installing: /home/thanhtd71/ros2_ws/src/my_robot_interfaces/install/my_robot_interfaces/lib/python3.12/site-packages/my_robot_interfaces/msg/__init__.py\n'}
[7.178548] (my_robot_interfaces) StdoutLine: {'line': b'-- Installing: /home/thanhtd71/ros2_ws/src/my_robot_interfaces/install/my_robot_interfaces/lib/python3.12/site-packages/my_robot_interfaces/my_robot_interfaces_s__rosidl_typesupport_introspection_c.so\n'}
[7.178600] (my_robot_interfaces) StdoutLine: {'line': b'-- Installing: /home/thanhtd71/ros2_ws/src/my_robot_interfaces/install/my_robot_interfaces/lib/python3.12/site-packages/my_robot_interfaces/_my_robot_interfaces_s.ep.rosidl_typesupport_c.c\n'}
[7.178683] (my_robot_interfaces) StdoutLine: {'line': b'-- Installing: /home/thanhtd71/ros2_ws/src/my_robot_interfaces/install/my_robot_interfaces/lib/python3.12/site-packages/my_robot_interfaces/_my_robot_interfaces_s.ep.rosidl_typesupport_fastrtps_c.c\n'}
[7.178738] (my_robot_interfaces) StdoutLine: {'line': b'-- Installing: /home/thanhtd71/ros2_ws/src/my_robot_interfaces/install/my_robot_interfaces/lib/python3.12/site-packages/my_robot_interfaces/__init__.py\n'}
[7.178815] (my_robot_interfaces) StdoutLine: {'line': b'-- Installing: /home/thanhtd71/ros2_ws/src/my_robot_interfaces/install/my_robot_interfaces/lib/python3.12/site-packages/my_robot_interfaces/srv\n'}
[7.178866] (my_robot_interfaces) StdoutLine: {'line': b'-- Installing: /home/thanhtd71/ros2_ws/src/my_robot_interfaces/install/my_robot_interfaces/lib/python3.12/site-packages/my_robot_interfaces/srv/_reset_counter.py\n'}
[7.178916] (my_robot_interfaces) StdoutLine: {'line': b'-- Installing: /home/thanhtd71/ros2_ws/src/my_robot_interfaces/install/my_robot_interfaces/lib/python3.12/site-packages/my_robot_interfaces/srv/_reset_counter_s.c\n'}
[7.178964] (my_robot_interfaces) StdoutLine: {'line': b'-- Installing: /home/thanhtd71/ros2_ws/src/my_robot_interfaces/install/my_robot_interfaces/lib/python3.12/site-packages/my_robot_interfaces/srv/__init__.py\n'}
[7.179011] (my_robot_interfaces) StdoutLine: {'line': b'-- Installing: /home/thanhtd71/ros2_ws/src/my_robot_interfaces/install/my_robot_interfaces/lib/python3.12/site-packages/my_robot_interfaces/action\n'}
[7.179057] (my_robot_interfaces) StdoutLine: {'line': b'-- Installing: /home/thanhtd71/ros2_ws/src/my_robot_interfaces/install/my_robot_interfaces/lib/python3.12/site-packages/my_robot_interfaces/action/_count_until_s.c\n'}
[7.179102] (my_robot_interfaces) StdoutLine: {'line': b'-- Installing: /home/thanhtd71/ros2_ws/src/my_robot_interfaces/install/my_robot_interfaces/lib/python3.12/site-packages/my_robot_interfaces/action/__init__.py\n'}
[7.179159] (my_robot_interfaces) StdoutLine: {'line': b'-- Installing: /home/thanhtd71/ros2_ws/src/my_robot_interfaces/install/my_robot_interfaces/lib/python3.12/site-packages/my_robot_interfaces/action/_count_until.py\n'}
[7.179220] (my_robot_interfaces) StdoutLine: {'line': b'-- Installing: /home/thanhtd71/ros2_ws/src/my_robot_interfaces/install/my_robot_interfaces/lib/python3.12/site-packages/my_robot_interfaces/_my_robot_interfaces_s.ep.rosidl_typesupport_introspection_c.c\n'}
[7.220770] (my_robot_interfaces) StdoutLine: {'line': b"Listing '/home/thanhtd71/ros2_ws/src/my_robot_interfaces/install/my_robot_interfaces/lib/python3.12/site-packages/my_robot_interfaces'...\n"}
[7.220901] (-) TimerEvent: {}
[7.220970] (my_robot_interfaces) StdoutLine: {'line': b"Compiling '/home/thanhtd71/ros2_ws/src/my_robot_interfaces/install/my_robot_interfaces/lib/python3.12/site-packages/my_robot_interfaces/__init__.py'...\n"}
[7.221043] (my_robot_interfaces) StdoutLine: {'line': b"Listing '/home/thanhtd71/ros2_ws/src/my_robot_interfaces/install/my_robot_interfaces/lib/python3.12/site-packages/my_robot_interfaces/action'...\n"}
[7.221110] (my_robot_interfaces) StdoutLine: {'line': b"Compiling '/home/thanhtd71/ros2_ws/src/my_robot_interfaces/install/my_robot_interfaces/lib/python3.12/site-packages/my_robot_interfaces/action/__init__.py'...\n"}
[7.221175] (my_robot_interfaces) StdoutLine: {'line': b"Compiling '/home/thanhtd71/ros2_ws/src/my_robot_interfaces/install/my_robot_interfaces/lib/python3.12/site-packages/my_robot_interfaces/action/_count_until.py'...\n"}
[7.221239] (my_robot_interfaces) StdoutLine: {'line': b"Listing '/home/thanhtd71/ros2_ws/src/my_robot_interfaces/install/my_robot_interfaces/lib/python3.12/site-packages/my_robot_interfaces/msg'...\n"}
[7.221300] (my_robot_interfaces) StdoutLine: {'line': b"Compiling '/home/thanhtd71/ros2_ws/src/my_robot_interfaces/install/my_robot_interfaces/lib/python3.12/site-packages/my_robot_interfaces/msg/__init__.py'...\n"}
[7.221353] (my_robot_interfaces) StdoutLine: {'line': b"Compiling '/home/thanhtd71/ros2_ws/src/my_robot_interfaces/install/my_robot_interfaces/lib/python3.12/site-packages/my_robot_interfaces/msg/_hardware_status.py'...\n"}
[7.221415] (my_robot_interfaces) StdoutLine: {'line': b"Listing '/home/thanhtd71/ros2_ws/src/my_robot_interfaces/install/my_robot_interfaces/lib/python3.12/site-packages/my_robot_interfaces/srv'...\n"}
[7.221477] (my_robot_interfaces) StdoutLine: {'line': b"Compiling '/home/thanhtd71/ros2_ws/src/my_robot_interfaces/install/my_robot_interfaces/lib/python3.12/site-packages/my_robot_interfaces/srv/__init__.py'...\n"}
[7.221556] (my_robot_interfaces) StdoutLine: {'line': b"Compiling '/home/thanhtd71/ros2_ws/src/my_robot_interfaces/install/my_robot_interfaces/lib/python3.12/site-packages/my_robot_interfaces/srv/_reset_counter.py'...\n"}
[7.225527] (my_robot_interfaces) StdoutLine: {'line': b'-- Installing: /home/thanhtd71/ros2_ws/src/my_robot_interfaces/install/my_robot_interfaces/lib/python3.12/site-packages/my_robot_interfaces/my_robot_interfaces_s__rosidl_typesupport_fastrtps_c.so\n'}
[7.226001] (my_robot_interfaces) StdoutLine: {'line': b'-- Set non-toolchain portion of runtime path of "/home/thanhtd71/ros2_ws/src/my_robot_interfaces/install/my_robot_interfaces/lib/python3.12/site-packages/my_robot_interfaces/my_robot_interfaces_s__rosidl_typesupport_fastrtps_c.so" to ""\n'}
[7.226246] (my_robot_interfaces) StdoutLine: {'line': b'-- Installing: /home/thanhtd71/ros2_ws/src/my_robot_interfaces/install/my_robot_interfaces/lib/python3.12/site-packages/my_robot_interfaces/my_robot_interfaces_s__rosidl_typesupport_introspection_c.so\n'}
[7.226726] (my_robot_interfaces) StdoutLine: {'line': b'-- Set non-toolchain portion of runtime path of "/home/thanhtd71/ros2_ws/src/my_robot_interfaces/install/my_robot_interfaces/lib/python3.12/site-packages/my_robot_interfaces/my_robot_interfaces_s__rosidl_typesupport_introspection_c.so" to ""\n'}
[7.226983] (my_robot_interfaces) StdoutLine: {'line': b'-- Installing: /home/thanhtd71/ros2_ws/src/my_robot_interfaces/install/my_robot_interfaces/lib/python3.12/site-packages/my_robot_interfaces/my_robot_interfaces_s__rosidl_typesupport_c.so\n'}
[7.227385] (my_robot_interfaces) StdoutLine: {'line': b'-- Set non-toolchain portion of runtime path of "/home/thanhtd71/ros2_ws/src/my_robot_interfaces/install/my_robot_interfaces/lib/python3.12/site-packages/my_robot_interfaces/my_robot_interfaces_s__rosidl_typesupport_c.so" to ""\n'}
[7.227542] (my_robot_interfaces) StdoutLine: {'line': b'-- Installing: /home/thanhtd71/ros2_ws/src/my_robot_interfaces/install/my_robot_interfaces/lib/libmy_robot_interfaces__rosidl_generator_py.so\n'}
[7.227870] (my_robot_interfaces) StdoutLine: {'line': b'-- Set non-toolchain portion of runtime path of "/home/thanhtd71/ros2_ws/src/my_robot_interfaces/install/my_robot_interfaces/lib/libmy_robot_interfaces__rosidl_generator_py.so" to ""\n'}
[7.228084] (my_robot_interfaces) StdoutLine: {'line': b'-- Installing: /home/thanhtd71/ros2_ws/src/my_robot_interfaces/install/my_robot_interfaces/share/ament_index/resource_index/rust_packages/my_robot_interfaces\n'}
[7.228284] (my_robot_interfaces) StdoutLine: {'line': b'-- Installing: /home/thanhtd71/ros2_ws/src/my_robot_interfaces/install/my_robot_interfaces/share/my_robot_interfaces/rust\n'}
[7.228447] (my_robot_interfaces) StdoutLine: {'line': b'-- Installing: /home/thanhtd71/ros2_ws/src/my_robot_interfaces/install/my_robot_interfaces/share/my_robot_interfaces/rust/build.rs\n'}
[7.228522] (my_robot_interfaces) StdoutLine: {'line': b'-- Installing: /home/thanhtd71/ros2_ws/src/my_robot_interfaces/install/my_robot_interfaces/share/my_robot_interfaces/rust/src\n'}
[7.228594] (my_robot_interfaces) StdoutLine: {'line': b'-- Installing: /home/thanhtd71/ros2_ws/src/my_robot_interfaces/install/my_robot_interfaces/share/my_robot_interfaces/rust/src/msg\n'}
[7.228672] (my_robot_interfaces) StdoutLine: {'line': b'-- Installing: /home/thanhtd71/ros2_ws/src/my_robot_interfaces/install/my_robot_interfaces/share/my_robot_interfaces/rust/src/msg/rmw.rs\n'}
[7.228738] (my_robot_interfaces) StdoutLine: {'line': b'-- Installing: /home/thanhtd71/ros2_ws/src/my_robot_interfaces/install/my_robot_interfaces/share/my_robot_interfaces/rust/src/action.rs\n'}
[7.228807] (my_robot_interfaces) StdoutLine: {'line': b'-- Installing: /home/thanhtd71/ros2_ws/src/my_robot_interfaces/install/my_robot_interfaces/share/my_robot_interfaces/rust/src/msg.rs\n'}
[7.228871] (my_robot_interfaces) StdoutLine: {'line': b'-- Installing: /home/thanhtd71/ros2_ws/src/my_robot_interfaces/install/my_robot_interfaces/share/my_robot_interfaces/rust/src/srv.rs\n'}
[7.228978] (my_robot_interfaces) StdoutLine: {'line': b'-- Installing: /home/thanhtd71/ros2_ws/src/my_robot_interfaces/install/my_robot_interfaces/share/my_robot_interfaces/rust/src/lib.rs\n'}
[7.229048] (my_robot_interfaces) StdoutLine: {'line': b'-- Installing: /home/thanhtd71/ros2_ws/src/my_robot_interfaces/install/my_robot_interfaces/share/my_robot_interfaces/rust/src/srv\n'}
[7.229170] (my_robot_interfaces) StdoutLine: {'line': b'-- Installing: /home/thanhtd71/ros2_ws/src/my_robot_interfaces/install/my_robot_interfaces/share/my_robot_interfaces/rust/src/srv/rmw.rs\n'}
[7.229235] (my_robot_interfaces) StdoutLine: {'line': b'-- Installing: /home/thanhtd71/ros2_ws/src/my_robot_interfaces/install/my_robot_interfaces/share/my_robot_interfaces/rust/src/action\n'}
[7.229279] (my_robot_interfaces) StdoutLine: {'line': b'-- Installing: /home/thanhtd71/ros2_ws/src/my_robot_interfaces/install/my_robot_interfaces/share/my_robot_interfaces/rust/src/action/rmw.rs\n'}
[7.229321] (my_robot_interfaces) StdoutLine: {'line': b'-- Installing: /home/thanhtd71/ros2_ws/src/my_robot_interfaces/install/my_robot_interfaces/share/my_robot_interfaces/rust/Cargo.toml\n'}
[7.229362] (my_robot_interfaces) StdoutLine: {'line': b'-- Installing: /home/thanhtd71/ros2_ws/src/my_robot_interfaces/install/my_robot_interfaces/share/my_robot_interfaces/msg/HardwareStatus.idl\n'}
[7.229401] (my_robot_interfaces) StdoutLine: {'line': b'-- Installing: /home/thanhtd71/ros2_ws/src/my_robot_interfaces/install/my_robot_interfaces/share/my_robot_interfaces/srv/ResetCounter.idl\n'}
[7.229440] (my_robot_interfaces) StdoutLine: {'line': b'-- Installing: /home/thanhtd71/ros2_ws/src/my_robot_interfaces/install/my_robot_interfaces/share/my_robot_interfaces/action/CountUntil.idl\n'}
[7.229478] (my_robot_interfaces) StdoutLine: {'line': b'-- Installing: /home/thanhtd71/ros2_ws/src/my_robot_interfaces/install/my_robot_interfaces/share/my_robot_interfaces/msg/HardwareStatus.msg\n'}
[7.229541] (my_robot_interfaces) StdoutLine: {'line': b'-- Installing: /home/thanhtd71/ros2_ws/src/my_robot_interfaces/install/my_robot_interfaces/share/my_robot_interfaces/srv/ResetCounter.srv\n'}
[7.229582] (my_robot_interfaces) StdoutLine: {'line': b'-- Installing: /home/thanhtd71/ros2_ws/src/my_robot_interfaces/install/my_robot_interfaces/share/my_robot_interfaces/action/CountUntil.action\n'}
[7.229620] (my_robot_interfaces) StdoutLine: {'line': b'-- Installing: /home/thanhtd71/ros2_ws/src/my_robot_interfaces/install/my_robot_interfaces/share/ament_index/resource_index/package_run_dependencies/my_robot_interfaces\n'}
[7.229664] (my_robot_interfaces) StdoutLine: {'line': b'-- Installing: /home/thanhtd71/ros2_ws/src/my_robot_interfaces/install/my_robot_interfaces/share/ament_index/resource_index/parent_prefix_path/my_robot_interfaces\n'}
[7.229702] (my_robot_interfaces) StdoutLine: {'line': b'-- Installing: /home/thanhtd71/ros2_ws/src/my_robot_interfaces/install/my_robot_interfaces/share/my_robot_interfaces/environment/ament_prefix_path.sh\n'}
[7.229740] (my_robot_interfaces) StdoutLine: {'line': b'-- Installing: /home/thanhtd71/ros2_ws/src/my_robot_interfaces/install/my_robot_interfaces/share/my_robot_interfaces/environment/ament_prefix_path.dsv\n'}
[7.229801] (my_robot_interfaces) StdoutLine: {'line': b'-- Installing: /home/thanhtd71/ros2_ws/src/my_robot_interfaces/install/my_robot_interfaces/share/my_robot_interfaces/environment/path.sh\n'}
[7.229845] (my_robot_interfaces) StdoutLine: {'line': b'-- Installing: /home/thanhtd71/ros2_ws/src/my_robot_interfaces/install/my_robot_interfaces/share/my_robot_interfaces/environment/path.dsv\n'}
[7.229882] (my_robot_interfaces) StdoutLine: {'line': b'-- Installing: /home/thanhtd71/ros2_ws/src/my_robot_interfaces/install/my_robot_interfaces/share/my_robot_interfaces/local_setup.bash\n'}
[7.229920] (my_robot_interfaces) StdoutLine: {'line': b'-- Installing: /home/thanhtd71/ros2_ws/src/my_robot_interfaces/install/my_robot_interfaces/share/my_robot_interfaces/local_setup.sh\n'}
[7.229959] (my_robot_interfaces) StdoutLine: {'line': b'-- Installing: /home/thanhtd71/ros2_ws/src/my_robot_interfaces/install/my_robot_interfaces/share/my_robot_interfaces/local_setup.zsh\n'}
[7.229994] (my_robot_interfaces) StdoutLine: {'line': b'-- Installing: /home/thanhtd71/ros2_ws/src/my_robot_interfaces/install/my_robot_interfaces/share/my_robot_interfaces/local_setup.dsv\n'}
[7.230030] (my_robot_interfaces) StdoutLine: {'line': b'-- Installing: /home/thanhtd71/ros2_ws/src/my_robot_interfaces/install/my_robot_interfaces/share/my_robot_interfaces/package.dsv\n'}
[7.230098] (my_robot_interfaces) StdoutLine: {'line': b'-- Installing: /home/thanhtd71/ros2_ws/src/my_robot_interfaces/install/my_robot_interfaces/share/ament_index/resource_index/packages/my_robot_interfaces\n'}
[7.230137] (my_robot_interfaces) StdoutLine: {'line': b'-- Installing: /home/thanhtd71/ros2_ws/src/my_robot_interfaces/install/my_robot_interfaces/share/my_robot_interfaces/cmake/export_my_robot_interfaces__rosidl_generator_cExport.cmake\n'}
[7.230173] (my_robot_interfaces) StdoutLine: {'line': b'-- Installing: /home/thanhtd71/ros2_ws/src/my_robot_interfaces/install/my_robot_interfaces/share/my_robot_interfaces/cmake/export_my_robot_interfaces__rosidl_generator_cExport-noconfig.cmake\n'}
[7.230225] (my_robot_interfaces) StdoutLine: {'line': b'-- Installing: /home/thanhtd71/ros2_ws/src/my_robot_interfaces/install/my_robot_interfaces/share/my_robot_interfaces/cmake/export_my_robot_interfaces__rosidl_typesupport_fastrtps_cExport.cmake\n'}
[7.230278] (my_robot_interfaces) StdoutLine: {'line': b'-- Installing: /home/thanhtd71/ros2_ws/src/my_robot_interfaces/install/my_robot_interfaces/share/my_robot_interfaces/cmake/export_my_robot_interfaces__rosidl_typesupport_fastrtps_cExport-noconfig.cmake\n'}
[7.230326] (my_robot_interfaces) StdoutLine: {'line': b'-- Installing: /home/thanhtd71/ros2_ws/src/my_robot_interfaces/install/my_robot_interfaces/share/my_robot_interfaces/cmake/my_robot_interfaces__rosidl_typesupport_introspection_cExport.cmake\n'}
[7.230396] (my_robot_interfaces) StdoutLine: {'line': b'-- Installing: /home/thanhtd71/ros2_ws/src/my_robot_interfaces/install/my_robot_interfaces/share/my_robot_interfaces/cmake/my_robot_interfaces__rosidl_typesupport_introspection_cExport-noconfig.cmake\n'}
[7.230461] (my_robot_interfaces) StdoutLine: {'line': b'-- Installing: /home/thanhtd71/ros2_ws/src/my_robot_interfaces/install/my_robot_interfaces/share/my_robot_interfaces/cmake/my_robot_interfaces__rosidl_typesupport_cExport.cmake\n'}
[7.230527] (my_robot_interfaces) StdoutLine: {'line': b'-- Installing: /home/thanhtd71/ros2_ws/src/my_robot_interfaces/install/my_robot_interfaces/share/my_robot_interfaces/cmake/my_robot_interfaces__rosidl_typesupport_cExport-noconfig.cmake\n'}
[7.230608] (my_robot_interfaces) StdoutLine: {'line': b'-- Installing: /home/thanhtd71/ros2_ws/src/my_robot_interfaces/install/my_robot_interfaces/share/my_robot_interfaces/cmake/export_my_robot_interfaces__rosidl_generator_cppExport.cmake\n'}
[7.230685] (my_robot_interfaces) StdoutLine: {'line': b'-- Installing: /home/thanhtd71/ros2_ws/src/my_robot_interfaces/install/my_robot_interfaces/share/my_robot_interfaces/cmake/export_my_robot_interfaces__rosidl_typesupport_fastrtps_cppExport.cmake\n'}
[7.230751] (my_robot_interfaces) StdoutLine: {'line': b'-- Installing: /home/thanhtd71/ros2_ws/src/my_robot_interfaces/install/my_robot_interfaces/share/my_robot_interfaces/cmake/export_my_robot_interfaces__rosidl_typesupport_fastrtps_cppExport-noconfig.cmake\n'}
[7.230820] (my_robot_interfaces) StdoutLine: {'line': b'-- Installing: /home/thanhtd71/ros2_ws/src/my_robot_interfaces/install/my_robot_interfaces/share/my_robot_interfaces/cmake/my_robot_interfaces__rosidl_typesupport_introspection_cppExport.cmake\n'}
[7.230888] (my_robot_interfaces) StdoutLine: {'line': b'-- Installing: /home/thanhtd71/ros2_ws/src/my_robot_interfaces/install/my_robot_interfaces/share/my_robot_interfaces/cmake/my_robot_interfaces__rosidl_typesupport_introspection_cppExport-noconfig.cmake\n'}
[7.230955] (my_robot_interfaces) StdoutLine: {'line': b'-- Installing: /home/thanhtd71/ros2_ws/src/my_robot_interfaces/install/my_robot_interfaces/share/my_robot_interfaces/cmake/my_robot_interfaces__rosidl_typesupport_cppExport.cmake\n'}
[7.231016] (my_robot_interfaces) StdoutLine: {'line': b'-- Installing: /home/thanhtd71/ros2_ws/src/my_robot_interfaces/install/my_robot_interfaces/share/my_robot_interfaces/cmake/my_robot_interfaces__rosidl_typesupport_cppExport-noconfig.cmake\n'}
[7.231084] (my_robot_interfaces) StdoutLine: {'line': b'-- Installing: /home/thanhtd71/ros2_ws/src/my_robot_interfaces/install/my_robot_interfaces/share/my_robot_interfaces/cmake/export_my_robot_interfaces__rosidl_generator_pyExport.cmake\n'}
[7.231144] (my_robot_interfaces) StdoutLine: {'line': b'-- Installing: /home/thanhtd71/ros2_ws/src/my_robot_interfaces/install/my_robot_interfaces/share/my_robot_interfaces/cmake/export_my_robot_interfaces__rosidl_generator_pyExport-noconfig.cmake\n'}
[7.231205] (my_robot_interfaces) StdoutLine: {'line': b'-- Installing: /home/thanhtd71/ros2_ws/src/my_robot_interfaces/install/my_robot_interfaces/share/my_robot_interfaces/cmake/rosidl_cmake-extras.cmake\n'}
[7.231264] (my_robot_interfaces) StdoutLine: {'line': b'-- Installing: /home/thanhtd71/ros2_ws/src/my_robot_interfaces/install/my_robot_interfaces/share/my_robot_interfaces/cmake/ament_cmake_export_dependencies-extras.cmake\n'}
[7.231329] (my_robot_interfaces) StdoutLine: {'line': b'-- Installing: /home/thanhtd71/ros2_ws/src/my_robot_interfaces/install/my_robot_interfaces/share/my_robot_interfaces/cmake/ament_cmake_export_include_directories-extras.cmake\n'}
[7.231387] (my_robot_interfaces) StdoutLine: {'line': b'-- Installing: /home/thanhtd71/ros2_ws/src/my_robot_interfaces/install/my_robot_interfaces/share/my_robot_interfaces/cmake/ament_cmake_export_libraries-extras.cmake\n'}
[7.231446] (my_robot_interfaces) StdoutLine: {'line': b'-- Installing: /home/thanhtd71/ros2_ws/src/my_robot_interfaces/install/my_robot_interfaces/share/my_robot_interfaces/cmake/ament_cmake_export_targets-extras.cmake\n'}
[7.231502] (my_robot_interfaces) StdoutLine: {'line': b'-- Installing: /home/thanhtd71/ros2_ws/src/my_robot_interfaces/install/my_robot_interfaces/share/my_robot_interfaces/cmake/rosidl_cmake_export_typesupport_targets-extras.cmake\n'}
[7.231561] (my_robot_interfaces) StdoutLine: {'line': b'-- Installing: /home/thanhtd71/ros2_ws/src/my_robot_interfaces/install/my_robot_interfaces/share/my_robot_interfaces/cmake/rosidl_cmake_export_typesupport_libraries-extras.cmake\n'}
[7.231619] (my_robot_interfaces) StdoutLine: {'line': b'-- Installing: /home/thanhtd71/ros2_ws/src/my_robot_interfaces/install/my_robot_interfaces/share/my_robot_interfaces/cmake/rosidl_cmake_aggregate_target-extras.cmake\n'}
[7.231685] (my_robot_interfaces) StdoutLine: {'line': b'-- Installing: /home/thanhtd71/ros2_ws/src/my_robot_interfaces/install/my_robot_interfaces/share/my_robot_interfaces/cmake/my_robot_interfacesConfig.cmake\n'}
[7.231731] (my_robot_interfaces) StdoutLine: {'line': b'-- Installing: /home/thanhtd71/ros2_ws/src/my_robot_interfaces/install/my_robot_interfaces/share/my_robot_interfaces/cmake/my_robot_interfacesConfig-version.cmake\n'}
[7.231787] (my_robot_interfaces) StdoutLine: {'line': b'-- Installing: /home/thanhtd71/ros2_ws/src/my_robot_interfaces/install/my_robot_interfaces/share/my_robot_interfaces/package.xml\n'}
[7.233464] (my_robot_interfaces) CommandEnded: {'returncode': 0}
[7.250692] (my_robot_interfaces) JobEnded: {'identifier': 'my_robot_interfaces', 'rc': 0}
[7.250944] (-) EventReactorShutdown: {}
